{"translation": [547.5046244962095, -302.5937452218776, 185.04656809318607], "rotation": [0.4974446794208224, -0.017726460204153575, -9.050966955725936e-05, 0.8673145653870603]}