{"translation": [568.5744780482803, -239.69762301823968, 184.9164698088993], "rotation": [0.8643452977666646, -0.004871257988638909, 0.011806560405908328, -0.5027365932629587]}