{"translation": [319.44686613429934, -435.14572386305935, 184.50411030925656], "rotation": [0.4954189036073235, -0.0184356914865665, 0.0008676201846433695, 0.8684581063374012]}