{"translation": [345.7269699640002, -420.78596102639705, 184.58482034599143], "rotation": [0.5155325827007123, -0.014403061390328311, 0.0056830185278643475, 0.8567300690981564]}