{"translation": [526.2244228856808, -314.9852919307271, 184.91038967200524], "rotation": [0.49574207488408956, -0.017949909883869495, -0.0016129109491863636, 0.8682827848362815]}