{"translation": [500.71162731966683, -330.06553762547344, 184.73952163132398], "rotation": [0.501418507977051, -0.013905251997028316, 0.0009178244135337188, 0.8650926432604277]}