{"translation": [436.0786468541357, -367.59554058352893, 184.55297807982043], "rotation": [0.49219089553395334, -0.01496025902369736, 0.005552202762871272, 0.8703410171007158]}