{"translation": [577.729085997736, -236.16634218928746, 185.07322457692962], "rotation": [0.7417229152906034, -0.009852831584282455, -0.009043193851829057, -0.6705730827341179]}