{"translation": [521.9869339320514, -317.49079193822706, 184.8764837193486], "rotation": [0.4945186100437241, -0.016658726875506878, -0.0011928890122239189, 0.8690065639309725]}