{"translation": [564.5617352724544, -292.62629850438054, 185.10852543622732], "rotation": [0.4953170926509693, -0.01284954718116817, 0.002474167157545226, 0.8686136916730631]}