{"translation": [581.5619860493358, -282.4175854473366, 185.03028573174007], "rotation": [0.4868712454363615, -0.011947274759480628, 0.008167789461811403, 0.8733538459343816]}