{"translation": [559.8152378370542, -250.81565287534144, 185.11261976876204], "rotation": [0.9996984628206083, -0.02132915573800369, -0.0011165209160030054, 0.012116267191708463]}