{"translation": [571.4914183967553, -278.24191116148006, 185.2871347256731], "rotation": [0.924904442632963, 0.017191879372555962, -0.0009743927024794541, 0.37980950730637136]}