{"translation": [598.6666365728884, -266.7980973452622, 185.07268694827812], "rotation": [0.10992046732468687, 0.011711810797606885, 0.0005883129012620447, -0.9938712080742116]}