{"translation": [336.8950582908916, -425.42094478432233, 184.59133813404938], "rotation": [0.5147235729826455, -0.01695854327941712, 0.0023214317469180124, 0.8571853137918687]}