{"translation": [573.0110704622036, -237.47661778532418, 184.9316049756691], "rotation": [0.8388867065736844, 0.00407364202127593, -0.0033396652085551093, -0.5442805761837676]}