{"translation": [538.9682143558333, -307.5442905641637, 185.00650287020358], "rotation": [0.4977428969386869, -0.018836610999267967, 0.0006724583152634134, 0.867119794741742]}