{"translation": [564.318832724209, -265.0440908796651, 185.40428743231655], "rotation": [0.9768915273215987, -0.006118596071113601, -0.0007721607430553057, 0.21364669526388622]}