{"translation": [590.9241059537688, -249.17648712322418, 185.16974088887764], "rotation": [0.231890057820836, 0.026912489405629677, 0.009012077705590427, -0.9723278775460826]}