{"translation": [306.1979637965458, -442.13118511306413, 184.5441238349543], "rotation": [0.5957701440685009, -0.007401995698880606, -0.0011405635328901598, 0.8031200688633667]}