{"translation": [296.5971957674088, -440.8419388942467, 184.48999756363233], "rotation": [0.863209413848747, -0.017601308633069388, -0.0036592789722054153, 0.5045258283326134]}