{"translation": [388.52241887712853, -395.04978511386975, 184.46674482984577], "rotation": [0.4989303089547331, -0.01348735492790836, 0.004369212860414917, 0.8665261381183861]}