{"translation": [431.8143266378784, -370.11528788009724, 184.57701051697833], "rotation": [0.4963126586537837, -0.01430335786595194, 0.006460128409300658, 0.8680019732435555]}