{"translation": [582.3232051486049, -237.60314851230626, 185.10163037853533], "rotation": [0.5199226568575255, -0.00016546291314712417, 0.002358907172046676, -0.8542100672932801]}