{"translation": [504.97992097779263, -327.5911225966276, 184.76991182125977], "rotation": [0.4967836248002961, -0.016520846122076924, 0.0016242245994870785, 0.867715652543009]}