{"translation": [585.7663854010933, -279.8273919746873, 185.00795222865753], "rotation": [0.4879109527855179, -0.013740504680407831, 0.006958640724572751, 0.872757513861853]}