{"translation": [310.79223054863724, -440.2137339285037, 184.52154007310202], "rotation": [0.5132761093707292, -0.010838533266336043, 0.0013541095514763013, 0.858154023548922]}