{"translation": [560.5478244976471, -255.75796519783256, 185.28354830299702], "rotation": [0.9871971127445717, -0.02180292339444085, 0.0006639730514166331, 0.1580064943602775]}