{"translation": [595.0954342342937, -257.9831463671683, 185.1576659977663], "rotation": [0.21704073815951394, 0.022193250216244447, 0.021297346054389377, -0.9756778160207662]}