{"translation": [315.13447084466173, -437.70569554970876, 184.5008451127578], "rotation": [0.4937144952453357, -0.016857419268264066, 0.0023553717945716812, 0.869457461192879]}