{"translation": [418.834753382128, -377.56225910364117, 184.58953349848994], "rotation": [0.5010606267091936, -0.016841155882361986, -0.0006477095683015133, 0.8652480594041521]}