{"translation": [328.1319447059131, -430.1714789186302, 184.54575264595314], "rotation": [0.5063915894602855, -0.017909596894837242, 0.0009178244144623093, 0.8621171394081517]}