{"translation": [509.27495597549716, -325.05660492725093, 184.80331133289397], "rotation": [0.49363415077687844, -0.016213961067854925, 0.0018116078611358777, 0.8695166190075021]}