{"translation": [440.3563446276556, -365.03387527952026, 184.5225783574305], "rotation": [0.4914186481000312, -0.0140282897554812, 0.005783425672165277, 0.870791290363867]}