{"translation": [568.6578405899669, -274.0604213702151, 185.38926400191252], "rotation": [0.9651134940877099, 0.00314662654240399, -0.011206233133487453, 0.2615730540598016]}