{"translation": [568.8090058503847, -290.10888106115044, 185.10461761545878], "rotation": [0.49364114393737507, -0.013549580154713976, 0.0030843997826357494, 0.869554665543123]}