{"translation": [470.3498969648934, -347.0550637881629, 184.64779944391663], "rotation": [0.4989500730710097, -0.018367804714269912, -0.005156222358194018, 0.8664207186485123]}