{"translation": [561.05680904322, -246.01357496336155, 184.96770820137158], "rotation": [0.9762047916789611, -0.00786302772600591, 0.00036981686157411264, -0.21670773113459807]}