{"translation": [375.6224333334347, -402.67496900458644, 184.55680735569948], "rotation": [0.48848488439315924, -0.014467403665030987, 0.0011787469164031839, 0.8724516161405756]}