{"translation": [392.84028148832203, -392.56652267301683, 184.46350658554056], "rotation": [0.49970531641085275, -0.014516902950253735, 0.001250164852218294, 0.8660729145789658]}