{"translation": [543.2392005285263, -305.0745522935787, 185.02633835920702], "rotation": [0.49793748161732054, -0.01731138673505061, -0.00011313707530413719, 0.8670401187314875]}