{"translation": [341.3050798674757, -423.10567283517315, 184.59620873532558], "rotation": [0.5170188898616758, -0.01622032524981979, 0.0035567477225073585, 0.8558128990150998]}