{"translation": [564.3775400148759, -242.3558048450696, 184.94030394106852], "rotation": [0.9077008985159735, -0.0024373969252413524, 0.00947098764626697, -0.41950380012882815]}