{"translation": [588.6724171978373, -244.8515984013597, 185.16245473004383], "rotation": [0.2610100896991283, 0.02530028123187551, 0.0076940290688656265, -0.9649737979663117]}