{"translation": [496.3965937222341, -332.5078597957061, 184.7084720169517], "rotation": [0.5039955471148244, -0.01309915933523225, -0.0001909189214854834, 0.8636068920887007]}