{"translation": [414.4895479849339, -380.0437118138953, 184.56054623682505], "rotation": [0.5012680758596806, -0.015147643844076882, 0.0001866762195328331, 0.8651594247084726]}