{"translation": [466.04271481239067, -349.5395900366139, 184.5833294880966], "rotation": [0.494989392952895, -0.021978991060489405, 0.0003309258377990343, 0.8686209272773581]}