{"translation": [483.3669737058913, -339.7215155587288, 184.65918864573405], "rotation": [0.5073574508888054, -0.01473327253999815, 0.001371079643648132, 0.8616086512149739]}