{"translation": [323.7712190359427, -432.6262976506145, 184.52228063162326], "rotation": [0.5007728557393228, -0.01883024731479555, 0.0010486390074294638, 0.865373254207096]}