{"translation": [332.51789953378665, -427.76755510392434, 184.56658239380607], "rotation": [0.511079342625349, -0.017774551465633785, 0.0013435035121416306, 0.8593486870067061]}