{"translation": [410.16247144546105, -382.5144231840501, 184.53557420584897], "rotation": [0.499870520033975, -0.016034345859371656, 0.0005253800923230578, 0.8659515499897118]}