{"translation": [350.13399294830486, -418.4571666135684, 184.56391861971466], "rotation": [0.5094534474421185, -0.010664584100403168, 0.0032781469227864957, 0.8604258859937086]}