{"translation": [513.5251262390152, -322.5271102503564, 184.82535917620305], "rotation": [0.4925430236161161, -0.014912175423315806, 0.0030370237300556546, 0.8701550283702909]}