{"translation": [397.17451237158525, -390.061169620008, 184.48007125306083], "rotation": [0.4980073245442312, -0.01573382656613085, 0.0004850750539017179, 0.8670299395661467]}