{"translation": [551.7800867067161, -300.09885322459127, 185.07081323603077], "rotation": [0.4970289071947796, -0.017855153876520143, 0.0006173042388104566, 0.8675500434143762]}