{"translation": [589.9643999893367, -277.2438889382405, 185.03024386603536], "rotation": [0.4911568992272168, -0.02351482748196606, 0.0022457703227402037, 0.8707507736118624]}