{"translation": [556.0360964860703, -297.61749020997826, 185.09090626245003], "rotation": [0.4968105344447358, -0.01651801901039725, 0.0006455886710826642, 0.8677015795352548]}