{"translation": [597.7301907174309, -271.4537760040845, 185.0844466705705], "rotation": [0.22408079241249448, -0.005413611151569449, -0.002932372707100339, 0.9745511235827469]}