{"translation": [577.3429298579237, -284.9984164267466, 185.07237079213445], "rotation": [0.4903270323650185, -0.011922529830402574, 0.00656973042252984, 0.8714322080671181]}