{"translation": [461.7273504496028, -352.097901989245, 184.5408490321243], "rotation": [0.4910884180962478, -0.02565807301187674, -0.003111976501275149, 0.8707262167313548]}