{"translation": [367.1154654975667, -407.9728029283426, 184.50440647383766], "rotation": [0.48014039626372784, -0.016763381948753087, 0.0028786319615884404, 0.8770267398314492]}