{"translation": [517.7452285114983, -320.0125865555069, 184.84835013066052], "rotation": [0.49322750375364344, -0.016291033718999783, 0.00032739045149077217, 0.8697477361722813]}