{
    "translation": [
        301.25950767936297,
        -442.5164956613015,
        184.55439185532322
    ],
    "rotation": [
        0.7313287043241937,
        -0.011158851814049815,
        0.0003889087192017193,
        0.6819337614517235
    ]
}