{"translation": [358.7160850224202, -413.39106304696804, 184.50844287385786], "rotation": [0.4806261608599795, -0.01168564726966878, 0.002461438832489282, 0.8768442737817019]}