{"translation": [401.50995849945315, -387.5291068471211, 184.49284729493948], "rotation": [0.49649154986265515, -0.015342097654145584, 0.001657458492018038, 0.8679043805546186]}