{"translation": [405.8344973291205, -385.0091290501421, 184.51123321473762], "rotation": [0.4979905292575581, -0.015982733676682164, 0.0010875301683290761, 0.8670344873602955]}