{"translation": [534.7011536023865, -310.02502762371137, 184.97695496045864], "rotation": [0.497117987625044, -0.02026355903419753, -0.0012777419539656831, 0.8674453653864278]}