{"translation": [448.91496363959624, -359.8659483303927, 184.48611765193405], "rotation": [0.49075575408016264, -0.016104367226307245, 0.004155669206981627, 0.8711384330902253]}