{"translation": [487.71958003562156, -337.35011630891444, 184.67452933102942], "rotation": [0.5077184364248778, -0.010994100806847155, -0.0018745408566342991, 0.8614508721675908]}