{"translation": [492.06513139206305, -334.94378649553096, 184.68839445922052], "rotation": [0.5060876910460349, -0.01055144851559695, -0.0012932984408945414, 0.8624165138058629]}