{"translation": [594.1623222854994, -274.69048180797245, 185.0619103978392], "rotation": [0.4624244839806625, -0.021215324003920445, 0.004584173099937083, 0.8863929670296445]}