{"translation": [288.28033563032045, -428.8207359425597, 184.28899331825875], "rotation": [0.9704803601716765, -0.01756947562978609, 0.007761908237942983, 0.24041409448627152]}