{"translation": [474.68347861679075, -344.57362769793247, 184.66021248608547], "rotation": [0.5027640993046494, -0.014737515551981302, 0.002011718248986605, 0.8642956780381504]}