{"translation": [423.14630970467437, -375.0736893385045, 184.6272231220203], "rotation": [0.5007618211606232, -0.020243057476851144, 0.004444167117577447, 0.8653369670079488]}