{"translation": [444.6572116514295, -362.4510600881539, 184.5009067010871], "rotation": [0.491200741685053, -0.013833124996703017, 0.0028779235667626413, 0.8709317961682321]}