{"translation": [560.3272446076508, -295.12100064298807, 185.10292287508418], "rotation": [0.4968113017702489, -0.014199416950041652, 0.0017889808716500255, 0.867740575597955]}