{"translation": [479.0071807519425, -342.14048520622197, 184.65998105806145], "rotation": [0.5053594171494976, -0.014654083836826535, 0.0020124262979931418, 0.8627821668681024]}