{"translation": [384.2361518032114, -397.54933354405546, 184.4920232433475], "rotation": [0.49654004606395163, -0.011064801671297758, 0.005399464823749089, 0.8679264937760572]}