{"translation": [379.9236035277061, -400.11273067329194, 184.53122828966931], "rotation": [0.4942047921996999, -0.00796273082690191, 0.003022882007370886, 0.8693037906675658]}