{"translation": [586.0108627665497, -240.75007653474054, 185.13111079576927], "rotation": [0.3686756770181249, 0.014055872439548213, 7.141780442665446e-05, -0.9294518129116149]}