{"translation": [597.0987168622758, -262.33658210950415, 185.08937765190458], "rotation": [0.20811777193773556, 0.014632159412304026, 0.016503870907223717, -0.9778550583597161]}