{"translation": [593.0273185966144, -253.56927975335807, 185.18213867638428], "rotation": [0.22042860449517832, 0.025411306341462783, 0.01289409720167467, -0.9749867886734072]}