{"translation": [562.3011293719468, -260.47300287285367, 185.389717392679], "rotation": [0.9793141157054743, -0.014142128519314286, -0.0012749128860163328, 0.2018470648240427]}