{"translation": [293.10862564500843, -437.3865970314431, 184.38235182684684], "rotation": [0.9459687924455148, -0.012227289508438238, 0.004714280543185345, 0.3239927663843922]}