{"translation": [453.1849769041902, -357.28108201966626, 184.4722685758491], "rotation": [0.49030651175631834, -0.017410386145423132, 0.003966162614315594, 0.8713671284468651]}