{"translation": [290.55542682504785, -433.1594426621496, 184.3425494255041], "rotation": [0.9672375524336485, -0.015202800960116086, 0.007946468706501841, 0.25329280613596017]}