{"translation": [362.9116362018637, -410.6691842343395, 184.505405165433], "rotation": [0.47749910282995905, -0.017198243676057667, 0.0029705542999391987, 0.8784588795260679]}