{"translation": [354.4801105492043, -416.00613454072084, 184.53455186717122], "rotation": [0.49441197052401265, -0.008879848407389777, 0.002288905024265153, 0.8691793328241386]}