{"translation": [530.4685998591954, -312.49588638389326, 184.93865944681232], "rotation": [0.4965512602799236, -0.019339357430835966, -0.0010769229019071958, 0.8677912625773809]}