{"translation": [566.3950529418718, -269.60653941037225, 185.41553189840698], "rotation": [0.974688572505848, -0.0029528774862084928, -0.00950492796207214, 0.22334530101504194]}