{"translation": [573.0763574499464, -287.5662951530258, 185.09968023225105], "rotation": [0.49211779019808444, -0.01310409633879953, 0.0035963432969531306, 0.8704225580398226]}