{"translation": [371.3699762858997, -405.29405555362564, 184.5258729074969], "rotation": [0.48362573870598574, -0.016816415407421223, -9.687364018251543e-05, 0.8751133318887518]}