{"translation": [427.4906653758968, -372.60479865195407, 184.60915681425155], "rotation": [0.49951021764716164, -0.0157741408512188, 0.007682716529876732, 0.866130298981171]}