{"translation": [286.0935928885256, -424.62129850719265, 184.22508697059817], "rotation": [0.9711271444070414, -0.0098507058483659, 0.007950002573625214, 0.23822642684889742]}