{"translation": [457.4468599464213, -354.70118484945584, 184.486091800101], "rotation": [0.49036579396694185, -0.019888084075886995, 0.0010401540096570683, 0.871289142764098]}