{"translation": [283.7453667230728, -420.1456946607586, 184.15854900043718], "rotation": [0.9699741290853838, -0.01107116739050307, 0.007703925957688873, 0.24283382730274908]}