{"rotation_matrix": [[0.3339654748478526, -0.9425433222734434, -0.008896473873848168], [0.9425252780502456, 0.3338228124192864, 0.014437109987293749], [-0.010637755682268261, -0.01320664780395272, 0.9998562009648321]], "translation_vector": [137.644, 104.517, 48.652]}