{"rotation_matrix": [[0.32026331552352527, -0.9471551770334248, -0.018123999245773965], [0.947328555275735, 0.3202073355015409, 0.005989211149419694], [0.00013072516060204676, -0.019087506641401176, 0.9998178084036845]], "translation_vector": [41.222, 621.379, 50.576], "yaw": 71.32114999999999}