{"rotation_matrix": [[0.31784796353459144, -0.9479616062296851, -0.018478776781712333], [0.9481410712057665, 0.3178097234326878, 0.005048641839136292], [0.00108681631126434, -0.019125187739569987, 0.9998165061771243]], "translation_vector": [138.634, 339.19, 49.042]}