{"rotation_matrix": [[0.32075125807125277, -0.9470029699176991, -0.017435750995180303], [0.9471625875831063, 0.3207216741157258, 0.004543174581789311], [0.0012896234268300788, -0.017971719991795955, 0.9998376638994719]], "translation_vector": [42.197, 618.511, 50.549], "yaw": 71.29162}