{"rotation_matrix": [[-0.33254109682015087, 0.9429099569104, 0.018363879897203284], [-0.9430820731230991, -0.33254904305286975, -0.002708748504093517], [0.0035527847512768548, -0.018219416122599273, 0.9998277004547648]], "translation_vector": [-186.291, 796.49, 50.662], "yaw": -109.42321}