{"rotation_matrix": [[0.32686111165922493, -0.9448019640361032, -0.02260669012521848], [0.9450616029636475, 0.3266495913706687, 0.012594088341616617], [-0.0045144533087576235, -0.02548123252311673, 0.9996651071736103]], "translation_vector": [10.203, 712.176, 50.695], "yaw": 70.92142999999999}