{"rotation_matrix": [[0.325475267720166, -0.945375860373535, -0.0181750577849063], [0.9455012982456038, 0.3252019892483081, 0.01646089927133603], [-0.009651171864806919, -0.022542156328570553, 0.9996993078269557]], "translation_vector": [13.2, 703.523, 50.718], "yaw": 71.00470999999999}