{"rotation_matrix": [[0.32030628858880983, -0.9470505538409215, -0.022341216620093602], [0.9473128870297681, 0.3202535320853546, 0.0059974373010921065], [0.0014749772160435226, -0.023085139299095205, 0.9997324145919014]], "translation_vector": [26.165, 665.816, 50.814], "yaw": 71.31853000000001}