{"rotation_matrix": [[0.3411411327657471, -0.9399334884337268, -0.012155856864402235], [0.9399861658432983, 0.3410071629888097, 0.011837348247755132], [-0.006981085769289491, -0.015464543676691214, 0.9998560458037714]], "translation_vector": [132.498, 118.88, 48.551]}