{"rotation_matrix": [[0.3113988284096626, -0.950240373226266, -0.008602485448762583], [0.9502765436237824, 0.3114070105087234, 0.0004055175176113613], [0.002293535159259141, -0.008301017818707764, 0.9999629157122011]], "translation_vector": [98.298, 455.144, 49.541], "yaw": 71.85640000000001}