{"rotation_matrix": [[0.32092632667346, -0.9468870833711546, -0.020276690872713773], [0.9470065206916262, 0.3205122801914952, 0.021225645196057717], [-0.013599360846014482, -0.0260140268185533, 0.9995690710467504]], "translation_vector": [-75.573, 961.997, 48.029], "yaw": 71.27924999999999}