{"rotation_matrix": [[0.31812034669934186, -0.9480445413860367, -0.0033155035861675147], [0.9475353886609312, 0.31783035971666396, 0.03406684132046618], [-0.031243115258698738, -0.013978912350944115, 0.9994140572147343]], "translation_vector": [-37.766, 852.078, 49.015], "yaw": 71.44131999999999}