{"rotation_matrix": [[-0.3243569276272048, 0.9456220609625772, 0.024320800174508248], [-0.9458793039463063, -0.32450910795211146, 0.0024862063824485905], [0.010243332772660577, -0.022198123276822888, 0.9997011140619457]], "translation_vector": [-217.786, 886.132, 49.466], "yaw": -108.92765}