{"rotation_matrix": [[0.3187309812241247, -0.9478394024070882, -0.0033209716169460375], [0.9477492568082339, 0.31864689967267645, 0.015345994540322832], [-0.01348732098480122, -0.008038692279539001, 0.9998767282015758]], "translation_vector": [-82.466, 982.332, 47.919], "yaw": 71.41205}