{"rotation_matrix": [[-0.32480629325763644, 0.9456943483965758, 0.012769936217926482], [-0.945720906409817, -0.3249078479400627, 0.006845255754988177], [0.010622572175719812, -0.009853413506634769, 0.9998950300919787]], "translation_vector": [-170.464, 750.435, 51.101], "yaw": -108.95495}