{"rotation_matrix": [[-0.33317911937666694, 0.9426566123632881, 0.01975311568229494], [-0.9428498842017708, -0.3332139627155123, -0.0015971575165163476], [0.005076442858545565, -0.01915636236853471, 0.9998036124703237]], "translation_vector": [-191.428, 810.9, 50.503], "yaw": -109.46211}