{"rotation_matrix": [[-0.32316766423716464, 0.946144454869629, 0.019321783327315187], [-0.9463223035442578, -0.32322447409731414, -0.00019276722764111675], [0.006062887611080472, -0.018346930641586198, 0.9998132983361684]], "translation_vector": [-214.775, 877.481, 49.631], "yaw": -108.85496}