{"rotation_matrix": [[0.30873655080728624, -0.9510779069252568, -0.011513346789372797], [0.950722403705701, 0.30821402934706543, 0.03363068845117951], [-0.02843682977538053, -0.02132901948798142, 0.9993680101143959]], "translation_vector": [-42.499, 866.544, 48.721], "yaw": 72.00936999999999}