{"rotation_matrix": [[0.32881900411452597, -0.94435892439844, -0.008017757925551752], [0.9443897498238443, 0.3287839005183352, 0.005398813536900771], [-0.002462308020560649, -0.0093471208920637, 0.9999532830938858]], "translation_vector": [83.531, 498.795, 49.755], "yaw": 70.80283}