{"rotation_matrix": [[0.32544156301691585, -0.9454137487773144, -0.016752094911734756], [0.9455615699397859, 0.3253705743838105, 0.006877992305651985], [-0.0010519097461847223, -0.018078521730889915, 0.9998360168237147]], "translation_vector": [134.687, 350.761, 49.108]}