{"rotation_matrix": [[0.3261030588957871, -0.9452241444676711, -0.014426076880781843], [0.9453303100648227, 0.32601982324695694, 0.00785364391661724], [-0.00272026681721875, -0.016198505035415645, 0.9998650951918768]], "translation_vector": [164.258, 264.424, 48.821]}