{"rotation_matrix": [[-0.3142392460374175, 0.9491946910947973, 0.01682660534058863], [-0.949331265653758, -0.3142768936197008, -0.00042683601680637106], [0.004883062775484204, -0.016108151172740136, 0.9998583315468882]], "translation_vector": [-228.101, 918.051, 49.042], "yaw": -108.31512000000001}