{"rotation_matrix": [[0.326838967484513, -0.9450799022984625, 0.0005173056986625268], [0.9450782049633982, 0.3268393623584399, 0.0017937994005855513], [-0.0018643596269436811, -9.738920285240254e-05, 0.9999982573377438]], "translation_vector": [55.15, 580.6, 50.322], "yaw": 70.92294000000001}