{"rotation_matrix": [[-0.31889524404692954, 0.9476049794113807, 0.01872501853152205], [-0.9477898083835389, -0.3188214851031458, -0.006880389590644652], [-0.0005499532195813178, -0.01994150524361608, 0.9998009971589721]], "translation_vector": [-181.241, 781.972, 50.831], "yaw": -108.59613}