{"rotation_matrix": [[0.31986282887659884, -0.9474432817062625, -0.006244890129343206], [0.9474627472915452, 0.3198656171080124, 0.0005740094668423346], [0.001453684221998536, -0.006100405050347504, 0.9999803357368606]], "translation_vector": [110.837, 417.189, 49.408], "yaw": 71.34535}