{"rotation_matrix": [[-0.3229678956031542, 0.9463386443925721, 0.011615013512651694], [-0.9462892045589891, -0.32309839307457555, 0.012007069906628212], [0.015115546460042635, -0.007113263797725407, 0.9998604511297354]], "translation_vector": [-169.457, 747.538, 51.224], "yaw": -108.84474}