{"rotation_matrix": [[0.3143941620252121, -0.9490216789825782, -0.022675178181284547], [0.9492905216756956, 0.3143529490705904, 0.005452418482522329], [0.001953545789188922, -0.023239540264624343, 0.9997280167261187]], "translation_vector": [141.536, 330.505, 48.974], "yaw": 71.67572000000001}