{"rotation_matrix": [[0.3209797864659079, -0.946979235219387, -0.014223387205763166], [0.9470799856074689, 0.3208878122904974, 0.008397189123461539], [-0.0033878521303101696, -0.016166013321886167, 0.999863581930665]], "translation_vector": [-10.097, 770.225, 49.775], "yaw": 71.27770000000001}