{"rotation_matrix": [[0.32784061175171125, -0.9444963357158179, -0.021147224537907083], [0.9446799053404621, 0.32750260747990095, 0.017942088501657627], [-0.010020465667777027, -0.025859503345170346, 0.9996153642049236]], "translation_vector": [8.182, 717.979, 50.704], "yaw": 70.86124000000001}