{"rotation_matrix": [[0.34050229706289215, -0.9401907637612069, -0.009975641984970194], [0.9402416168757531, 0.3404601352132297, 0.005709485568671155], [-0.001971697178450798, -0.011323606700501984, 0.999933941988934]], "translation_vector": [159.168, 278.807, 48.887]}