{"rotation_matrix": [[0.31904237611508934, -0.947569099065579, -0.018021230226729516], [0.9477399991172892, 0.31896597490102846, 0.007042792670322679], [-0.0009253734373386627, -0.019326390027198784, 0.9998127996442725]], "translation_vector": [29.182, 656.944, 50.775], "yaw": 71.39497}