{"rotation_matrix": [[-0.3212630659310123, 0.94679800291109, 0.019067882739767707], [-0.9469865660988134, -0.32125092381559645, -0.0037798910041680744], [0.0025467816913899155, -0.019271368171391544, 0.9998110462841561]], "translation_vector": [-182.238, 784.876, 50.793], "yaw": -108.73939}