{"rotation_matrix": [[0.32567088250527093, -0.9454702665624741, -0.004944829069034448], [0.9451721962301551, 0.3254251744765184, 0.027349136922263286], [-0.02424862391359878, -0.013580532508392976, 0.9996137120783635]], "translation_vector": [-7.239, 761.629, 50.195], "yaw": 70.98796999999999}