{"rotation_matrix": [[-0.3152525895888449, 0.9485996541318744, 0.02782985696002726], [-0.9489725388142211, -0.3153580922991246, -0.0006278518524747601], [0.008180790549768098, -0.026607701936564507, 0.9996124773449139]], "translation_vector": [-220.753, 894.78, 49.334], "yaw": -108.3767}