{"rotation_matrix": [[0.33434642115954233, -0.9424329931008845, -0.005702996818711437], [0.9424496773887948, 0.3343334360235615, 0.003123963257740057], [-0.0010374235212979167, -0.00641927344700321, 0.9999788581169353]], "translation_vector": [118.932, 393.909, 49.291], "yaw": 70.46718999999999}