{"rotation_matrix": [[0.32626648491391314, -0.9452264194574158, -0.00985884281407521], [0.9451223087498452, 0.3260058795658336, 0.021540380495007616], [-0.01714649600594252, -0.01634571650985493, 0.9997193682361554]], "translation_vector": [142.733, 90.032, 48.264], "yaw": 70.95477}