{"rotation_matrix": [[0.3271595635435496, -0.9449482456259564, -0.006279575656168613], [0.9449655332345686, 0.3271693865527003, -0.0005774958331606645], [0.0026001885896414253, -0.0057450492736931275, 0.9999801165163941]], "translation_vector": [85.514, 493.056, 49.717], "yaw": 70.90347}