{"rotation_matrix": [[-0.3330686901690763, 0.9427063614972644, 0.019234438428112847], [-0.9429019736516963, -0.3330220265444813, -0.005674321099720371], [0.0010562730668906407, -0.020026128652232248, 0.9997988990084018]], "translation_vector": [-187.334, 799.386, 50.631], "yaw": -109.45515}