{"rotation_matrix": [[-0.32074403138752944, 0.9471635094387099, -0.0021337096856436748], [-0.9471581156809884, -0.32073143651925545, 0.00478011798328842], [0.0038432055519910025, 0.0035541547577324917, 0.99998629878366]], "translation_vector": [-235.086, 938.157, 48.761], "yaw": -108.70806999999999}