{"rotation_matrix": [[-0.312619242556228, 0.9498120938437872, 0.011233680236283211], [-0.9498684359527282, -0.3125395564495185, -0.00830542202758012], [-0.004377620847928511, -0.013266953019403315, 0.999902407434492]], "translation_vector": [-178.3, 773.296, 50.927], "yaw": -108.21733}