{"rotation_matrix": [[-0.3217498056116038, 0.9467823549743224, 0.008957393492048707], [-0.9467644510799986, -0.32182167199845935, 0.008239272013049444], [0.010683480710148211, -0.00582955756402726, 0.9999259370065983]], "translation_vector": [-168.456, 744.625, 51.368], "yaw": -108.76989}