{"rotation_matrix": [[0.34341720000604536, -0.9390731188091554, -0.01436329593282046], [0.9391558023315572, 0.3432508134730359, 0.012855271178324476], [-0.007141826585472041, -0.0179040939492922, 0.9998142016059173]], "translation_vector": [130.402, 124.628, 48.551], "yaw": 69.91426000000001}