{"rotation_matrix": [[0.32170846896075156, -0.9467372106026383, -0.013867770522499974], [0.9468228961243729, 0.32158375088470065, 0.010502120813521441], [-0.005483098903371375, -0.01650894385666046, 0.9998486837512732]], "translation_vector": [153.057, 295.988, 48.877], "yaw": 71.23343}