{"rotation_matrix": [[0.3232565421556892, -0.9462643656757882, -0.009431765780875755], [0.9463071329599156, 0.3232092151682696, 0.006213963267965569], [-0.002831618394406294, -0.010934051513934992, 0.9999362121929374]], "translation_vector": [46.122, 606.997, 50.458], "yaw": 71.13994}