{"rotation_matrix": [[0.3195024230113378, -0.9474234477449883, -0.01752176797254485], [0.9475841594408065, 0.3194167373690685, 0.007563641012077811], [-0.0015692248864400387, -0.019019951406327545, 0.9998178729057391]], "translation_vector": [28.171, 659.914, 50.793], "yaw": 71.36714}