{"rotation_matrix": [[-0.2793365779983527, 0.9601882230330895, -0.0031068538311766225], [-0.9601778549187104, -0.2793123150069072, 0.006566400017234264], [0.005437197428298595, 0.00481736795774769, 0.9999736145769474]], "translation_vector": [-235.998, 941.025, 48.769], "yaw": -106.22086}