{"rotation_matrix": [[0.3224912998086716, -0.9465160232050377, -0.01033341007771412], [0.9464287709897966, 0.3222329584818928, 0.020940437214871457], [-0.016490694056246476, -0.016532945415970324, 0.9997273221861128]], "translation_vector": [-78.576, 970.738, 47.981], "yaw": 71.18369000000001}