{"rotation_matrix": [[-0.3300802369419819, 0.9438120255925416, 0.01630636462332549], [-0.9439484169233895, -0.33008253648727837, -0.0026277926005443637], [0.002902303938596832, -0.016259749476185727, 0.9998635892854684]], "translation_vector": [-185.241, 793.572, 50.701], "yaw": -109.27373}