{"rotation_matrix": [[0.3418848846822462, -0.939540232093926, -0.019464786222788154], [0.9397169843711184, 0.34165185070918164, 0.01435277643671159], [-0.0068348306678660846, -0.02319838752764218, 0.9997075171798294]], "translation_vector": [-56.111, 907.059, 48.357], "yaw": 70.00775999999999}