{"rotation_matrix": [[0.3211727299678405, -0.9470041954067527, -0.005579552581835714], [0.9466931279013503, 0.3209011540005341, 0.028188134835124206], [-0.024903797087236116, -0.014335384303686532, 0.9995870635655022]], "translation_vector": [-35.812, 846.235, 49.123], "yaw": 71.26011}