{"rotation_matrix": [[0.32668236855751354, -0.9451090050430285, -0.006899178228558898], [0.9450103582797783, 0.3265127060203941, 0.01857082526881039], [-0.015298784839909567, -0.012586556074489191, 0.9998037436360228]], "translation_vector": [-31.84, 834.667, 49.254], "yaw": 70.93015}