{"rotation_matrix": [[0.31177253618000367, -0.9500697270996252, -0.012860767190650591], [0.9501558881224935, 0.3117252553808908, 0.005581525228288814], [-0.0012938122135402893, -0.013959899948145515, 0.9999017187920991]], "translation_vector": [105.014, 434.754, 49.48], "yaw": 71.8339}