{"rotation_matrix": [[-0.3330065659232939, 0.9427272192662073, 0.0192877449842977], [-0.9429136980845848, -0.33303101933604884, -0.0020243824847901142], [0.0045149769021970276, -0.01886081161023177, 0.9998119246983285]], "translation_vector": [-188.348, 802.235, 50.592], "yaw": -109.45157}