{"rotation_matrix": [[0.3297655048404113, -0.9439995892357894, -0.010931026484715818], [0.9440593401311046, 0.3297104790233858, 0.0065545658431916], [-0.0025834334850988365, -0.012481007364406238, 0.9999187718642938]], "translation_vector": [82.539, 501.675, 49.759], "yaw": 70.74538999999999}