{"rotation_matrix": [[0.33549981922101363, -0.942014292007575, -0.006996067190516104], [0.9419900485807337, 0.33539599737014525, 0.012816915500712161], [-0.009727264648092582, -0.01089029850612828, 0.9998933851770965]], "translation_vector": [136.627, 107.373, 48.606]}