{"rotation_matrix": [[0.31160246147284354, -0.9502124317842152, -0.0004903945278378743], [0.9500713626255115, 0.31154722118522393, 0.017399278452535933], [-0.01638022963724254, -0.005887567790948628, 0.9998485008352705]], "translation_vector": [-85.316, 990.99, 47.854], "yaw": 71.84164999999999}