{"rotation_matrix": [[0.3255852862262387, -0.9455000024579026, 0.004895584243422909], [0.9455072162424533, 0.32556144535487247, -0.00508422382406455], [0.0032133201560042572, 0.00628415869887553, 0.9999750916512983]], "translation_vector": [61.207, 563.197, 50.177], "yaw": 70.99886000000001}