{"rotation_matrix": [[-0.2986741292487683, 0.9541716171609096, 0.018716023135929745], [-0.9543344501501874, -0.2987393949167784, 0.0007288218552498513], [0.006286634555122043, -0.017643665415431477, 0.9998245742612445]], "translation_vector": [-224.432, 906.424, 49.228], "yaw": -107.37834000000001}