{"rotation_matrix": [[0.33047350993436386, -0.9437309359278765, -0.012616647904909442], [0.9438151686821237, 0.33045006510090197, 0.003960030346386287], [0.0004319689764345621, -0.013216468798591938, 0.9999125653552411]], "translation_vector": [179.157, 221.18, 48.51]}