{"rotation_matrix": [[0.32807372241508187, -0.9446490858512891, -0.0023952580311241943], [0.9444510629348405, 0.32795052914442924, 0.021462529094658244], [-0.01948903235058098, -0.009303495806024983, 0.9997667840970841]], "translation_vector": [-5.254, 755.876, 50.349], "yaw": 70.84432000000001}