{"rotation_matrix": [[0.32901658379107385, -0.9442526307790382, -0.011621396530385216], [0.9442078246632543, 0.32875799004701045, 0.019742538462289034], [-0.014821316916404025, -0.017468636097730337, 0.999737553219718]], "translation_vector": [140.72, 95.824, 48.33]}