{"rotation_matrix": [[0.3257550149327463, -0.945397167190231, -0.010385880552586891], [0.9454527996536145, 0.32575387152521446, 0.001849003373814944], [0.0016351982474737856, -0.010421681966959091, 0.9999443557876962]], "translation_vector": [51.127, 592.389, 50.369], "yaw": 70.98865}