{"rotation_matrix": [[-0.32414093322171983, 0.9458486104143972, 0.017408664144802143], [-0.9460043241504245, -0.32414113713585535, -0.002888235615975856], [0.0029110305479922265, -0.0174048669465919, 0.9998442861304554]], "translation_vector": [-183.235, 787.805, 50.76], "yaw": -108.91362000000001}