{"rotation_matrix": [[0.34497563379042434, -0.9385318188074077, -0.012240799686074407], [0.9386105464171569, 0.34492597977035677, 0.006025830560654746], [-0.0014332638910246685, -0.01356810839870484, 0.9999069217627707]], "translation_vector": [129.568, 365.144, 49.194]}