{"rotation_matrix": [[0.31957368647208106, -0.9473857909819478, -0.01824340867692082], [0.9475491512240636, 0.3194123083172731, 0.011242033178558174], [-0.004823373218042988, -0.020879184393563323, 0.9997703710001906]], "translation_vector": [27.157, 662.892, 50.81], "yaw": 71.36263}