{"rotation_matrix": [[0.32706064249302663, -0.9448293029905653, -0.018136271458351696], [0.9450014968175742, 0.3269617300101421, 0.008258215383442987], [-0.0018727371927281682, -0.019839740903986863, 0.9998014190509381]], "translation_vector": [133.688, 353.636, 49.132], "yaw": 70.90950000000001}