{"rotation_matrix": [[0.3284800501882704, -0.9443480376789847, -0.017539679591210874], [0.9444416626246558, 0.32817446730324745, 0.01820617777035282], [-0.011436893244552169, -0.022545570342769005, 0.9996803962921509]], "translation_vector": [7.136, 720.948, 50.688], "yaw": 70.82215}