{"rotation_matrix": [[-0.31545756820319987, 0.9488154444800095, 0.015354965956501753], [-0.9489108572424348, -0.3155328092321226, 0.002689108683616322], [0.007396463394819079, -0.013722194222744769, 0.9998784894750774]], "translation_vector": [-163.552, 730.057, 51.656], "yaw": -108.38896}