{"rotation_matrix": [[0.32864324920171617, -0.9444063282596551, -0.009502731041934729], [0.9443281234219936, 0.3284184114310121, 0.01964032452447317], [-0.01542757493693739, -0.015428356239313162, 0.9997619495436492]], "translation_vector": [-29.811, 828.902, 49.315], "yaw": 70.81118000000001}