{"rotation_matrix": [[0.3278836869705404, -0.9445808482432743, -0.016103072707446372], [0.9446826570341329, 0.3276761031989674, 0.014249522492721036], [-0.008183233928930379, -0.01988447948416728, 0.999768794351028]], "translation_vector": [141.749, 92.898, 48.24], "yaw": 70.85896}