{"rotation_matrix": [[0.32687801669529526, -0.9450649914917221, -0.001709987749008506], [0.9450645603357538, 0.32687309533168546, 0.0026374885158538374], [-0.0019336490732972493, -0.0024781858353151694, 0.9999950597859107]], "translation_vector": [54.131, 583.559, 50.333], "yaw": 70.92057}