{"rotation_matrix": [[0.31124300335842997, -0.9502980635072412, -0.007834753015362315], [0.950327870850565, 0.3112127421727761, 0.0048545848363049085], [-0.002175027598914839, -0.008956539716239147, 0.9999575239235192]], "translation_vector": [99.271, 452.213, 49.539], "yaw": 71.86580000000001}