{"rotation_matrix": [[-0.30891916264205754, 0.950700142395905, 0.02716965588549497], [-0.9510717044189642, -0.3089564477207255, -0.002920011198101781], [0.005618185306344026, -0.026742338345717473, 0.9996265719425763]], "translation_vector": [-221.698, 897.654, 49.308], "yaw": -107.9944}