{"rotation_matrix": [[0.31780082002433846, -0.9480076094842772, -0.016858563158357803], [0.948157486879052, 0.3177480020653056, 0.005795451553335988], [-0.000137357411700032, -0.017826372132681807, 0.9998410881682792]], "translation_vector": [37.216, 633.199, 50.677], "yaw": 71.47002}