{"rotation_matrix": [[0.3161359809086925, -0.9484888123334747, -0.02066432803488322], [0.948711985996705, 0.31610396318473, 0.004883859651409887], [0.0018997897480067679, -0.0211484594507803, 0.9997745413150767]], "translation_vector": [139.616, 336.281, 49.009]}