{"rotation_matrix": [[0.33992829616540166, -0.9404083635303105, -0.008992400587740534], [0.9404485604027601, 0.33988843046389267, 0.005688591492438372], [-0.0022931860943266997, -0.010390603400911094, 0.9999433867267196]], "translation_vector": [158.125, 281.669, 48.898]}