{"rotation_matrix": [[-0.3336956012743008, 0.9424290856610021, 0.021786789353878483], [-0.9426744826075389, -0.33368936439250646, -0.004028390737470864], [0.0034735472922492205, -0.021882106651155003, 0.999754523809578]], "translation_vector": [-193.526, 816.677, 50.427], "yaw": -109.49336}