{"rotation_matrix": [[0.32446890240262305, -0.9457306049564963, -0.017707462332487534], [0.9458754783642909, 0.32428047739732396, 0.01271815269948457], [-0.00628576190773845, -0.020875699451350024, 0.9997623189386846]], "translation_vector": [15.216, 697.691, 50.744], "yaw": 71.06621000000001}