{"rotation_matrix": [[0.3266376966647314, -0.9451495848830633, -0.00027805203125736154], [0.9451434224954451, 0.3266366045741544, -0.0035269626967105584], [0.0034243293000788847, 0.0008892399230215732, 0.9999937415910182]], "translation_vector": [59.202, 568.982, 50.234], "yaw": 70.93506}