{"rotation_matrix": [[0.32688530200553334, -0.9450578645648556, -0.003410565476020084], [0.9447733555729517, 0.3266931399492214, 0.025978816553942127], [-0.023437276552027257, -0.011714304684162477, 0.999656675630984]], "translation_vector": [-6.252, 758.772, 50.27], "yaw": 70.91471999999999}