{"rotation_matrix": [[0.3212014265663284, -0.9469892039788002, -0.0064102355146801945], [0.9469265544552782, 0.3210751218705674, 0.015519877037376608], [-0.012638988852379154, -0.011055028873702343, 0.999859011209776]], "translation_vector": [-81.524, 979.428, 47.93], "yaw": 71.26284999999999}