{"rotation_matrix": [[0.31962056563452956, -0.947335360554667, -0.019960177008791838], [0.947545608214436, 0.31954697538161575, 0.006859364255928477], [-0.00011990411932470024, -0.0211055719472366, 0.9997772454180893]], "translation_vector": [40.225, 624.325, 50.606], "yaw": 71.36001999999999}