{"rotation_matrix": [[0.3165475545201366, -0.9484871146573924, -0.01303223143654199], [0.9485685674666309, 0.31645829736960196, 0.008474599709506734], [-0.003913890855011738, -0.015044578918235645, 0.9998791637510746]], "translation_vector": [34.206, 642.08, 50.712], "yaw": 71.54559}