{"rotation_matrix": [[0.3433613478481798, -0.9390016562273272, -0.01946469640702226], [0.9391631418405498, 0.34308106033487074, 0.016370065598157967], [-0.008693550026802778, -0.023901373220738126, 0.9996765209537005]], "translation_vector": [-57.159, 909.963, 48.362], "yaw": 69.91740999999999}