{"rotation_matrix": [[-0.33336049657027367, 0.9425308126428178, 0.022504367249268], [-0.9427749036664527, -0.33342904208351104, -0.0007449241459178491], [0.0068014956540097616, -0.021464880948693473, 0.999746467131906]], "translation_vector": [-198.636, 830.959, 50.24], "yaw": -109.47334000000001}