{"rotation_matrix": [[0.32826462603191314, -0.9445714048210108, -0.005215025464034143], [0.9445846927839701, 0.3282676947579986, 0.0002806002179991837], [0.001446877445074179, -0.0050181443514312465, 0.99998636229347]], "translation_vector": [84.522, 495.917, 49.737], "yaw": 70.8365}