{"rotation_matrix": [[-0.3298012085383663, 0.9439404376042406, 0.014408785588927546], [-0.9439853199885913, -0.32991927399731047, 0.006707331147676866], [0.01108505717937654, -0.011389596156239915, 0.9998736913264233]], "translation_vector": [-172.499, 756.227, 50.933], "yaw": -109.25794}