{"rotation_matrix": [[0.3271390255827835, -0.944707203488192, -0.02254678731586155], [0.9449552905023721, 0.32687985008581605, 0.014458995796800548], [-0.006289427026717366, -0.026035807753826044, 0.9996412255515883]], "translation_vector": [9.208, 715.037, 50.706], "yaw": 70.90439}