{"rotation_matrix": [[-0.3148379383091326, 0.9491018193400771, 0.009099952011442036], [-0.9491188657471912, -0.3147429043969539, -0.01050156248066436], [-0.007102906730357868, -0.011943226411890644, 0.9999034493684149]], "translation_vector": [-176.4, 767.598, 50.853], "yaw": -108.35151}