{"rotation_matrix": [[0.8579145155225251, 0.5135234164419544, 0.01662482545875944], [-0.5137736359198237, 0.8577108055598107, 0.019204818657432957], [-0.0043971683474106505, -0.025017489716668832, 0.9996773430056325]], "translation_vector": [-230.593, 958.807, 48.947], "yaw": -30.91585}