{"rotation_matrix": [[0.35836655410463975, 0.9334196406913685, 0.017354747787350907], [-0.9334920565285704, 0.3585270499190788, -0.0071368672667117316], [-0.012883838606044638, -0.013642904673075173, 0.9998239234259474]], "translation_vector": [-236.448, 952.563, 48.76], "yaw": -68.99826}