{"rotation_matrix": [[0.17202558211506497, -0.9850192293728294, -0.012013195400496645], [0.9850601804605411, 0.17190839218309048, 0.010195369933013716], [-0.00797746632830741, -0.013587584876726084, 0.9998758610788635]], "translation_vector": [186.018, 201.22, 48.562]}