{"rotation_matrix": [[0.32104671381501354, -0.9468490471738473, -0.020146697361058806], [0.9470594189314928, 0.320911359101045, 0.009713733219689113], [-0.002732135012028767, -0.022198681625209916, 0.9997498456976018]], "translation_vector": [170.177, 247.087, 48.71], "yaw": 71.27368999999999}