{"rotation_matrix": [[0.32511779324350937, -0.9455089844151991, -0.01764032047921486], [0.9456322794505939, 0.3248728224573692, 0.015402639048443998], [-0.008832472900873111, -0.02168892848255536, 0.9997257512956911]], "translation_vector": [14.207, 700.613, 50.735], "yaw": 71.02652}