{"rotation_matrix": [[0.31363408701786116, -0.94926289467129, -0.02310013551380109], [0.9495419494203465, 0.3135901979501357, 0.005592319787241545], [0.0019353943992834026, -0.023688489818432287, 0.9997175149504189]], "translation_vector": [146.381, 316.033, 48.374], "yaw": 71.72158999999999}