{"rotation_matrix": [[-0.32140611223351473, 0.9465891329358025, 0.025828751940093552], [-0.9468704230047627, -0.3215965028961875, 0.003477263827241995], [0.011597976449325236, -0.023338867427277386, 0.9996603344183927]], "translation_vector": [-212.808, 871.697, 49.711], "yaw": -108.74929}