{"rotation_matrix": [[0.3227879762675129, -0.9464584868410594, -0.0049249430104074815], [0.9464709725912386, 0.32277916411760604, 0.00251182279123365], [-0.0007876670099777132, -0.005472101796541716, 0.9999847177245309]], "translation_vector": [67.35, 545.496, 50.078], "yaw": 71.16838000000001}