{"rotation_matrix": [[0.11746121185607893, -0.9930274703923457, 0.009965277491383219], [0.9929993852050201, 0.117320225442623, -0.013718078748291172], [0.012453300436171202, 0.011506856576452364, 0.9998562434470145]], "translation_vector": [119.3, 159.499, 48.217]}