{"rotation_matrix": [[0.33165698305031277, -0.9431985699062487, -0.019496238631379805], [0.9433994406761803, 0.3315625423281677, 0.007985978759821887], [-0.001068141299108758, -0.02104134624231945, 0.9997780357771799]], "translation_vector": [132.687, 356.527, 49.141], "yaw": 70.63060999999999}