{"rotation_matrix": [[0.31637029934000177, -0.9486354864925173, 0.0007399071717137999], [0.9485026922811375, 0.316338884357347, 0.0165031202802003], [-0.015889506944880283, -0.004519293158682362, 0.9998635404685954]], "translation_vector": [-83.42, 985.234, 47.912], "yaw": 71.55403000000001}