{"rotation_matrix": [[0.316669870211923, -0.9482515133358886, -0.023221988634932984], [0.9484543509347386, 0.316226911633659, 0.020853885767446328], [-0.01243131098989794, -0.028628793457550736, 0.9995128086684218]], "translation_vector": [-21.855, 805.632, 49.43], "yaw": 71.53687}