{"rotation_matrix": [[-0.3330155022647976, 0.9427810523317496, 0.016265380892049482], [-0.9428850202914413, -0.33310454944026363, 0.0030327631307364724], [0.008277303989389079, -0.014326426855215733, 0.9998631104967467]], "translation_vector": [-232.081, 929.599, 48.838], "yaw": -109.4526}