{"rotation_matrix": [[-0.30001148244743914, 0.9537297757114777, 0.0198147753210698], [-0.9539310984105721, -0.3000090855434309, -0.0031635544240159698], [0.0029274365730548885, -0.019851033039338994, 0.9997986630329038]], "translation_vector": [-223.525, 903.477, 49.266], "yaw": -107.45837}