{"rotation_matrix": [[0.32192819717018584, -0.9465333026197599, -0.020903179147777336], [0.9466764951345621, 0.32151962610394014, 0.020706124449640904], [-0.012878254015797314, -0.026454433687242113, 0.9995670630386897]], "translation_vector": [-25.797, 817.277, 49.371], "yaw": 71.21880999999999}