{"rotation_matrix": [[0.3183594436232184, -0.9479512917240814, -0.005967677484603829], [0.9479700739983331, 0.3183535252859299, 0.001942097220930487], [5.8817595758295564e-05, -0.006275464657395708, 0.9999803073480119]], "translation_vector": [109.863, 420.067, 49.425]}