{"rotation_matrix": [[-0.33330833172379926, 0.9426320698327378, 0.018717289503187035], [-0.942809044818921, -0.33332546863305146, -0.0022884423065274552], [0.0040817901870955344, -0.018409586725533816, 0.9998221972458221]], "translation_vector": [-190.389, 807.996, 50.537], "yaw": -109.46987}