{"rotation_matrix": [[0.3232093328303228, -0.9462924518994001, -0.008143871904641659], [0.946209960765577, 0.32302159439849903, 0.018540757812370367], [-0.01491433268312642, -0.01369835867807569, 0.999794937799819]], "translation_vector": [-79.573, 973.623, 47.959], "yaw": 71.14070000000001}