{"rotation_matrix": [[0.31562842438481575, -0.9485443117821379, -0.02534534091522048], [0.948820129902618, 0.3151877962255323, 0.019925215232751713], [-0.01091140742240829, -0.030337133949047385, 0.9994801646315048]], "translation_vector": [-20.871, 802.672, 49.397], "yaw": 71.60011}