{"rotation_matrix": [[0.3235554538946694, -0.9461084817306041, -0.013806123729184078], [0.9462086998866893, 0.32353598021828983, 0.003683172943486975], [0.0009820966122228588, -0.01425518507776853, 0.99989790738087]], "translation_vector": [47.111, 604.124, 50.438], "yaw": 71.12191000000001}