{"rotation_matrix": [[0.34338646332009815, -0.9389845111217895, -0.01984501655048516], [0.9391317109768094, 0.34304322670181037, 0.018787603673196648], [-0.01083357033879723, -0.025088493127018906, 0.9996265308935782]], "translation_vector": [-59.277, 915.722, 48.301], "yaw": 69.91543999999999}