{"rotation_matrix": [[0.3300664456991901, -0.9439330908962837, -0.006816255166286886], [0.9439576229835106, 0.33006075038947197, 0.0019766293681425487], [0.0003839724260036007, -0.00708667505442469, 0.9999748154837945]], "translation_vector": [116.878, 399.731, 49.318], "yaw": 70.72719000000001}