{"rotation_matrix": [[0.33866573973791125, -0.9406859180569248, -0.020384314979261832], [0.9407833168582284, 0.338190924091151, 0.02352975953135913], [-0.015240323126613593, -0.027145946875615723, 0.9995152975913989]], "translation_vector": [-63.47, 927.297, 48.213], "yaw": 70.202}