{"rotation_matrix": [[0.3201223888121748, -0.9471035819252787, -0.022725784595773412], [0.9473749199598069, 0.32006920743205275, 0.006038500224964484], [0.001554738671320285, -0.023462897479303135, 0.9997234993884756]], "translation_vector": [168.217, 252.882, 48.714]}