{"rotation_matrix": [[0.3298072474525569, -0.9436965507069243, -0.02576819185782155], [0.9440004884868041, 0.32939298425997376, 0.01906147048325094], [-0.009500382331414365, -0.030611796813684384, 0.9994861983196139]], "translation_vector": [-68.566, 941.672, 48.115], "yaw": 70.74202}