{"rotation_matrix": [[-0.3335262510711317, 0.9424641668560172, 0.022837119757750927], [-0.942718046124641, -0.33358867647213064, -0.0011315655135073453], [0.006551744605492975, -0.021906371720702873, 0.9997385585845225]], "translation_vector": [-192.483, 813.795, 50.459], "yaw": -109.48338}