{"rotation_matrix": [[0.3307245184678745, -0.9436420902523488, -0.012684572849357976], [0.9436786175044461, 0.3305409915911953, 0.014605469619517784], [-0.009589564593341399, -0.016800547077028757, 0.999812873426234]], "translation_vector": [139.693, 98.734, 48.493]}