{"rotation_matrix": [[0.3089956170477415, -0.9509881898482283, -0.011965425795827113], [0.9510308232314826, 0.30885632847179695, 0.012171344484898093], [-0.007879207379811563, -0.015140380844332387, 0.9998543328700208]], "translation_vector": [123.238, 144.775, 48.467]}