{"rotation_matrix": [[-0.316632552737842, 0.948479637789858, 0.011410663641409137], [-0.9485046009595639, -0.316710498834398, 0.0057863534808454626], [0.009102115427538606, -0.008990919090194982, 0.9999181540849518]], "translation_vector": [-164.53, 733.009, 51.596], "yaw": -108.46019}