{"rotation_matrix": [[0.33613660367601483, -0.9417496895333352, -0.010941020657166463], [0.9417742521497011, 0.33599430059596863, 0.013003382440618346], [-0.00856981079282486, -0.014674884357047158, 0.9998555926292969]], "translation_vector": [127.251, 133.207, 48.529], "yaw": 70.35758000000001}