{"rotation_matrix": [[0.31034089277810156, -0.950586786253157, -0.008561078821371063], [0.9506250814905132, 0.3103216289200007, 0.0035271894749906757], [-0.0006962117823769589, -0.009233007382878704, 0.9999571325131001]], "translation_vector": [101.193, 446.36, 49.516], "yaw": 71.92022}