{"rotation_matrix": [[0.3179171327795179, -0.9480110032083852, -0.014277061360147928], [0.948109092498828, 0.3178108382391495, 0.00924228428354787], [-0.004224382357122923, -0.016474492209478674, 0.9998553623900512]], "translation_vector": [32.189, 648.03, 50.731], "yaw": 71.46282}