{"rotation_matrix": [[0.32894299188792037, -0.9441780877022914, -0.018006853991403594], [0.9443472318089433, 0.3288379973402739, 0.008595189353577191], [-0.002194051642367731, -0.019832050022178686, 0.9998009181478623]], "translation_vector": [178.174, 224.031, 48.542], "yaw": 70.79532}