{"rotation_matrix": [[0.3134497855125854, -0.9493397400312938, -0.022434124886648196], [0.9496033346616085, 0.3133206532944966, 0.009147405023435898], [-0.001654920441334648, -0.02417077194516884, 0.9997064744323243]], "translation_vector": [142.504, 327.608, 48.886]}