{"rotation_matrix": [[0.33602816157000953, -0.9416748192783492, -0.01826497656631463], [0.9418515255826829, 0.3359829882588804, 0.0055799066484860885], [0.0008822638224256178, -0.01907790181653844, 0.99981761100354]], "translation_vector": [131.669, 359.398, 49.146], "yaw": 70.36492000000001}