{"rotation_matrix": [[0.3459996490031646, -0.9381910177789612, -0.009047488522454445], [0.9382346417019386, 0.34598356507774086, 0.0033361364677717987], [3.4906585039885884e-07, -0.009642969199043146, 0.9999535054915826]], "translation_vector": [125.279, 376.643, 49.226], "yaw": 69.75717}