{"rotation_matrix": [[0.32464946943298467, -0.9458003757566776, -0.00802316741747922], [0.9458338438572271, 0.3246468379071776, 0.0016644672220642019], [0.0010304422080215285, -0.00812895167891617, 0.9999664286032096]], "translation_vector": [49.085, 598.321, 50.407], "yaw": 71.05565000000001}