{"rotation_matrix": [[-0.32425932842996497, 0.9457764584564871, 0.019046746589715207], [-0.9459309644718893, -0.32435953661045275, 0.002345519800295069], [0.008396331307739384, -0.017256350696398113, 0.9998158430337127]], "translation_vector": [-215.766, 880.358, 49.578], "yaw": -108.9214}