{"rotation_matrix": [[-0.31162696061935036, 0.9501528687047996, 0.009907749854822116], [-0.9501841420757429, -0.31153504150420047, -0.009798676582105413], [-0.006223629401762756, -0.012467718597078731, 0.9999029065014531]], "translation_vector": [-177.355, 770.43, 50.937], "yaw": -108.15767}