{"rotation_matrix": [[0.3257401474988924, -0.9453822604982224, -0.0120721929520285], [0.9454471533575657, 0.3257742155070187, -0.0009169072266295504], [0.004799637014974645, -0.011114946966033502, 0.9999267080333772]], "translation_vector": [75.478, 521.873, 49.874], "yaw": 70.98935}