{"rotation_matrix": [[-0.31680706276338527, 0.9483224794345706, 0.017825823467790804], [-0.9484899499665386, -0.31674483094699496, -0.006287040705507586], [-0.000315904589356653, -0.018899393308462947, 0.9998213406088421]], "translation_vector": [-180.248, 779.081, 50.863], "yaw": -108.46994000000001}