{"rotation_matrix": [[0.31280789280829885, -0.9495146943515463, -0.02393882635638801], [0.9497940354508154, 0.3128741716471764, 0.0010212434325006568], [0.006520154820791109, -0.023056407495154953, 0.999712903615098]], "translation_vector": [145.389, 318.905, 48.765]}