{"rotation_matrix": [[0.3223428102322223, -0.9465756780571205, -0.009465643258444652], [0.9462672520835238, 0.32193144546789687, 0.030633838369479673], [-0.025949958109607915, -0.018831625783589108, 0.9994858525984529]], "translation_vector": [-9.194, 767.393, 49.959], "yaw": 71.18876}