{"rotation_matrix": [[0.32484643507894795, -0.9457564945252968, 0.004409838967711853], [0.945765785124953, 0.3248358159283369, -0.0029618199055362737], [0.0013686867720859777, 0.0051328114512319365, 0.9999858903720221]], "translation_vector": [62.22, 560.297, 50.155], "yaw": 71.04371}