{"rotation_matrix": [[0.32605932877349164, -0.9452525392039783, -0.013525947220499353], [0.9453491181110278, 0.32601681840502783, 0.005298962517803115], [-0.0005991714963585723, -0.014514518438266146, 0.9998944793067033]], "translation_vector": [143.752, 87.082, 48.224]}