{"rotation_matrix": [[0.3145021744615232, -0.9492539599703986, -0.0023025506488897336], [0.9488076092611142, 0.31427783341802196, 0.03152085072270335], [-0.029197651740893626, -0.012098053669542974, 0.9995004423361835]], "translation_vector": [-39.682, 857.839, 48.899], "yaw": 71.66113999999999}