{"rotation_matrix": [[0.32023628758295286, -0.947103110648178, -0.021081221872402224], [0.9472426134029697, 0.31980956542570943, 0.021290214083723696], [-0.013422051579404445, -0.026786930820160107, 0.9995510536579088]], "translation_vector": [-24.798, 814.356, 49.406], "yaw": 71.32104000000001}