{"rotation_matrix": [[0.3240882010173131, -0.9459302876675733, -0.013517722977770376], [0.9459774925450006, 0.3238922113827076, 0.014846514873621042], [-0.009665482897136372, -0.01759904198419779, 0.9997984057606831]], "translation_vector": [16.213, 694.781, 50.763], "yaw": 71.08874}