{"rotation_matrix": [[0.32962649340930383, -0.9440099568536726, -0.013841105584932328], [0.9440111844602611, 0.32934245074307544, 0.019401900743991465], [-0.01375712384987934, -0.01946153898518877, 0.9997159546809818]], "translation_vector": [5.058, 726.849, 50.646], "yaw": 70.75200000000001}