{"rotation_matrix": [[0.3207429489384476, -0.947139333429655, -0.007144492752987132], [0.9471641696719114, 0.3207490301206601, 0.00030881446604630254], [0.001999098793700178, -0.006866057608624589, 0.9999744301015542]], "translation_vector": [89.516, 481.434, 49.662], "yaw": 71.2921}