{"rotation_matrix": [[-0.3188450155479389, 0.9477332275541611, 0.011814628644497773], [-0.9477559998101686, -0.3189322743901786, 0.006385074481614655], [0.009819413631299397, -0.00916153601098667, 0.9999098186205879]], "translation_vector": [-166.492, 738.828, 51.54], "yaw": -108.59402}