{"rotation_matrix": [[-0.3291866442213981, 0.9441696324469168, 0.013411130873594298], [-0.9442063204852987, -0.3292911957134328, 0.006460091425900363], [0.010515589468401025, -0.010536298717847694, 0.9998891982552168]], "translation_vector": [-173.505, 759.103, 50.902], "yaw": -109.22052}