{"rotation_matrix": [[0.3246467945407963, -0.9454687970798334, -0.02632892976933647], [0.9458029345645997, 0.32427951012544787, 0.01730919645133807], [-0.007827372699537375, -0.030521354183787517, 0.999503466314855]], "translation_vector": [-71.539, 950.237, 48.088], "yaw": 71.05521999999999}