{"rotation_matrix": [[0.324384909141341, -0.9457666872562874, -0.017314849050211484], [0.9459216244321647, 0.3242792132276206, 0.008675961047061378], [-0.002590589311086237, -0.019192840976338593, 0.9998124442625618]], "translation_vector": [172.152, 241.3, 48.692]}