{"rotation_matrix": [[-0.32626792844305913, 0.9451174759892386, 0.017383769706421266], [-0.9452634129886139, -0.32630775485232966, -0.000573749378317229], [0.005130198299486691, -0.016619437504408897, 0.9998487262393472]], "translation_vector": [-204.791, 848.432, 50.012], "yaw": -109.04267}