{"rotation_matrix": [[-0.3341770098762225, 0.9422356651240856, 0.02275252597754869], [-0.9424607242601261, -0.334309716437464, 0.002190142137167115], [0.00967002054112028, -0.020711466960945446, 0.9997387287882069]], "translation_vector": [-195.588, 822.429, 50.345], "yaw": -109.52345}