{"rotation_matrix": [[0.3225727153906784, -0.9463024176341976, -0.021414426566153055], [0.9465345884128514, 0.3223822101384467, 0.011915683965449442], [-0.0043722103790259596, -0.024113169968363105, 0.9996996743074784]], "translation_vector": [166.247, 258.688, 48.759]}