{"rotation_matrix": [[0.34209521859598657, -0.9394860266109226, -0.01835394280760532], [0.9395361090434428, 0.3416590620360659, 0.02325908708749522], [-0.015580796426118272, -0.02520101449260315, 0.9995609774552383]], "translation_vector": [-61.389, 921.504, 48.255], "yaw": 69.99288999999999}