{"rotation_matrix": [[0.32139616094348583, -0.9469166839858015, -0.007300775309693049], [0.9469448178689103, 0.32138546410123114, 0.002625904730302686], [-0.00014014993847634037, -0.007757387045261745, 0.9999699011991435]], "translation_vector": [111.816, 414.321, 49.394]}