{"rotation_matrix": [[0.33386306627814477, -0.9425656271640874, -0.010270903763815049], [0.9426198298614249, 0.33382159674969625, 0.005567575370085311], [-0.001819155675988583, -0.011540365343161768, 0.9999317529913593]], "translation_vector": [161.224, 273.058, 48.865]}