{"rotation_matrix": [[-0.3018950946041732, 0.9530010861655731, 0.025461375084140127], [-0.9533193288064645, -0.30196120652506614, -0.0012988756361469857], [0.006450517648152134, -0.024664945188755755, 0.999674962825871]], "translation_vector": [-222.628, 900.581, 49.285], "yaw": -107.57184000000001}