{"rotation_matrix": [[0.3148253608833518, -0.9488740353435595, -0.02287044371009707], [0.9491081112892047, 0.3144948562091949, 0.016934535806933593], [-0.008876104421747617, -0.027037944980846215, 0.9995950001383095]], "translation_vector": [-48.013, 883.845, 48.292], "yaw": 71.64898}