{"rotation_matrix": [[0.32555860371694756, -0.9455066313154856, -0.0053670927245296225], [0.9455181785883983, 0.3255679386584713, -0.0009440744416990143], [0.002639981959995871, -0.004767332180167905, 0.999985151409327]], "translation_vector": [86.495, 490.204, 49.698], "yaw": 71.00050999999999}