{"rotation_matrix": [[0.3262915861716584, -0.9451417928976833, -0.01551747762157578], [0.9452597391995515, 0.32617104085275894, 0.009822298988711922], [-0.00422211344932952, -0.01787298036648469, 0.9998313509441682]], "translation_vector": [173.149, 238.414, 48.682]}