{"rotation_matrix": [[0.31055463475948347, -0.9505019766011376, -0.01009015890530703], [0.9502250943951485, 0.31014931904454907, 0.029659229220153238], [-0.0250617000846896, -0.01879873329596991, 0.9995091389353736]], "translation_vector": [-41.566, 863.641, 48.788], "yaw": 71.90145999999999}