{"rotation_matrix": [[0.32809660578431016, -0.9442667926137599, -0.026699094361748808], [0.9446036341199613, 0.3276896081544969, 0.018533621203500255], [-0.008751667279866154, -0.03130087977158024, 0.9994716920680384]], "translation_vector": [-69.564, 944.538, 48.103], "yaw": 70.84594999999999}