{"rotation_matrix": [[0.3383705119955953, -0.9409909901319711, -0.0064306377826281284], [0.9409184718139524, 0.33823179321155555, 0.01648282318633383], [-0.013335141961566188, -0.011628007195912171, 0.9998434694678546]], "translation_vector": [134.57, 113.133, 48.56]}