{"rotation_matrix": [[0.28878980569670165, -0.957370740602366, -0.006458572918116114], [0.957365772746887, 0.2887247336734971, 0.009423658415091647], [-0.007157185090346073, -0.008904673135240753, 0.9999347386194446]], "translation_vector": [122.266, 147.675, 48.453], "yaw": 73.21404000000001}