{"rotation_matrix": [[-0.3286526326005912, 0.9442377479547509, 0.020062961447432318], [-0.9444209289265836, -0.32873720426786607, 0.0009795588784240917], [0.0075203783249151255, -0.0186259460830209, 0.9997982386673635]], "translation_vector": [-202.772, 842.65, 50.078], "yaw": -109.18758}