{"rotation_matrix": [[0.3196543894084606, -0.9472655766373107, -0.022560998423996864], [0.9475044557167849, 0.3193650543272583, 0.015532819170603174], [-0.007508510421087541, -0.026341780359927576, 0.9996247960503609]], "translation_vector": [-48.98, 886.73, 48.271], "yaw": 71.35743}