{"rotation_matrix": [[0.32292785926549294, -0.9463960604891505, -0.0072176451022676015], [0.9463399318535134, 0.322788534064479, 0.015757400039100727], [-0.01258296823859789, -0.011918849236439561, 0.999849793690625]], "translation_vector": [-80.572, 976.513, 47.943], "yaw": 71.15836999999999}