{"rotation_matrix": [[0.3220499931239483, -0.9466451246083964, -0.012116516992038473], [0.9466931380249313, 0.3221146509845284, -0.0037754519760894983], [0.00747692084839684, -0.010254739210185883, 0.9999194647462154]], "translation_vector": [45.141, 609.856, 50.458], "yaw": 71.21251000000001}