{"rotation_matrix": [[0.3140122935256313, -0.9490665990809021, -0.025862521605270854], [0.9493709608467293, 0.3136061241281269, 0.01860047338891955], [-0.009542442859707763, -0.030393904295832382, 0.9994924473781305]], "translation_vector": [-18.926, 796.83, 49.431], "yaw": 71.69793999999999}