{"rotation_matrix": [[0.3226510740383008, -0.9465110294413408, -0.003627060493615513], [0.9465177950862025, 0.3226462541065694, 0.0018596494704132807], [-0.0005899212529579487, -0.0040330952000248305, 0.9999916930335087]], "translation_vector": [88.498, 484.396, 49.681], "yaw": 71.17667}