{"rotation_matrix": [[0.3401126052629587, -0.9402867936665752, -0.013570607852055536], [0.9403829073361698, 0.3401048446232992, 0.002946566431316722], [0.0018448119729387081, -0.013763732051770549, 0.9999035735253633]], "translation_vector": [133.542, 116.0, 48.527], "yaw": 70.11623}