{"rotation_matrix": [[0.30746671050502006, -0.9514118343574212, -0.016725530660311305], [0.9514231215249732, 0.3070785117304054, 0.022289716487995298], [-0.016070648988080805, -0.022766402396648452, 0.9996116371686634]], "translation_vector": [-46.147, 878.073, 48.388], "yaw": 72.09098}