{"rotation_matrix": [[0.33520910069980453, -0.941868454098494, -0.022774415077927504], [0.9420622133697205, 0.3347641124552476, 0.02125500301090576], [-0.012395359977490833, -0.028579786321170475, 0.999514657653836]], "translation_vector": [-65.53, 933.061, 48.166], "yaw": 70.41318000000001}