{"rotation_matrix": [[0.3188300058844881, -0.9475804858443027, -0.02094397752989397], [0.9477250670858189, 0.3184238173809128, 0.020578380445192408], [-0.012830610463935419, -0.02641013766799658, 0.9995688470853221]], "translation_vector": [-23.817, 811.466, 49.443], "yaw": 71.40623}