{"rotation_matrix": [[-0.30533450009918733, 0.9521674974645916, 0.012161407040140798], [-0.9522451224958338, -0.3053131280153602, -0.0036222291990847238], [0.00026406831275773676, -0.012686632078407785, 0.9999194865760109]], "translation_vector": [-226.235, 912.237, 49.165], "yaw": -107.77829}