{"rotation_matrix": [[0.3229692611470004, -0.9462669105029353, -0.016425298821949843], [0.94639370761143, 0.32281512600522433, 0.011372977434349011], [-0.005459537311139837, -0.019217921569743973, 0.9998004125538694]], "translation_vector": [18.221, 688.96, 50.777], "yaw": 71.15711999999999}