{"rotation_matrix": [[-0.3330406539080256, 0.9427484395552587, 0.017586999762308448], [-0.9429074942535203, -0.33304154508213857, -0.0029642081319387007], [0.00306269898329619, -0.017570115691895868, 0.9998409428051599]], "translation_vector": [-189.361, 805.104, 50.566], "yaw": -109.45353}