{"rotation_matrix": [[0.31046325402167896, -0.9505429341797987, -0.008983216747322643], [0.9505837254758845, 0.3104312088138726, 0.004800568169089107], [-0.0017744753192677112, -0.010029699657355614, 0.9999481268356497]], "translation_vector": [103.093, 440.571, 49.5], "yaw": 71.91282000000001}