{"rotation_matrix": [[0.3202727717940549, -0.9471639527049333, -0.017487090773487528], [0.9473112949646664, 0.32011282794077434, 0.011361682099370963], [-0.005163533646658972, -0.02020455602400557, 0.9997825332721875]], "translation_vector": [25.151, 668.765, 50.835], "yaw": 71.32032000000001}