{"rotation_matrix": [[0.3161754072578682, -0.9486676316232178, -0.00792695122453208], [0.9487005639936044, 0.31615908492320216, 0.0032669402719453363], [-0.0005930628450619741, -0.008553229268432824, 0.9999632445972919]], "translation_vector": [108.895, 422.962, 49.437], "yaw": 71.56821}