{"rotation_matrix": [[0.33698986540822556, -0.9414835304568356, -0.006825869225133092], [0.9414671608660791, 0.33689854148759124, 0.011788034369576112], [-0.008798614829082665, -0.010398779835460186, 0.9999072205735006]], "translation_vector": [135.617, 110.207, 48.571]}