{"rotation_matrix": [[0.32606037193764426, -0.9452167855389594, -0.015807029679296498], [0.9452397454707719, 0.32572298304616987, 0.02064853258357413], [-0.014368626734502603, -0.02167410092487391, 0.9996618307782201]], "translation_vector": [-27.796, 823.11, 49.342], "yaw": 70.96813}