{"rotation_matrix": [[0.3286088756213206, -0.9443319635964977, -0.015916953002210927], [0.9443912998548013, 0.3283240931967847, 0.018120777716971487], [-0.011886110442456601, -0.020986480326443634, 0.9997091017001184]], "translation_vector": [6.093, 723.904, 50.667], "yaw": 70.81423000000001}