{"rotation_matrix": [[0.343626501994094, -0.938893335642922, -0.020003285045468496], [0.9390573803472506, 0.34331298036298585, 0.017533793931808754], [-0.009594974865101413, -0.024809308728609696, 0.9996461547256342]], "translation_vector": [-58.22, 912.848, 48.333], "yaw": 69.90106}