{"rotation_matrix": [[0.3230280504896008, -0.9463709172199483, -0.005913174880021536], [0.9463779227357038, 0.3230485897080798, -0.002904487231018856], [0.004658965050561144, -0.004657867311819765, 0.9999782989229132]], "translation_vector": [69.402, 539.506, 50.017], "yaw": 71.15364}