{"rotation_matrix": [[0.32473265880863184, -0.9457168476305604, -0.01297476052927868], [0.9457971936459012, 0.3247578128433157, 0.00017745073558366505], [0.0040458367013884175, -0.012329116145993014, 0.9999158085061183]], "translation_vector": [73.474, 527.701, 49.936], "yaw": 71.05045999999999}