{"rotation_matrix": [[0.31329984970120434, -0.9496210229048724, -0.007944622980777452], [0.949652458102298, 0.3133045678775349, 0.0006756976647633358], [0.0018474299623554207, -0.0077563267192051226, 0.9999682126939632]], "translation_vector": [94.39, 466.9, 49.589], "yaw": 71.74176}