{"rotation_matrix": [[0.32197066360544824, -0.9466404832117493, -0.014376624154962332], [0.9466311723845464, 0.3216530300147409, 0.02070632155153271], [-0.014977157518254038, -0.02027618866951876, 0.999682229973961]], "translation_vector": [-77.573, 967.833, 47.998], "yaw": 71.21566999999999}