{"rotation_matrix": [[0.32630153304828224, -0.9451857167729529, -0.012299200735818607], [0.9452591361087744, 0.32632025087402067, 0.0005093843438659077], [0.003532015463492449, -0.011792144754682538, 0.9999242322240472]], "translation_vector": [76.494, 518.979, 49.848], "yaw": 70.95543}