{"rotation_matrix": [[0.3170238449995571, -0.9482664136823313, -0.016931933845443482], [0.9483704868083602, 0.31677970075538653, 0.015621809760774801], [-0.00944994458030797, -0.021010232539822624, 0.9997345991192121]], "translation_vector": [-13.072, 779.131, 49.582], "yaw": 71.51611}