{"rotation_matrix": [[0.3244736638501664, -0.9456438683431924, -0.021783382027872153], [0.9458732222426243, 0.3245355357500095, 0.0007303970217881968], [0.006378786091752479, -0.020841312347770365, 0.9997624471781376]], "translation_vector": [165.265, 261.54, 48.774], "yaw": 71.06591}