{"rotation_matrix": [[-0.3097410997619175, 0.9507092249862676, 0.014574657604486205], [-0.9508140980332145, -0.3097606126949494, -0.0009559310300619763], [0.0036058424206542056, -0.014153881052900424, 0.9998933270862336]], "translation_vector": [-227.162, 915.145, 49.109], "yaw": -108.04375}