{"rotation_matrix": [[-0.3385081409809861, 0.9409122554677074, 0.009816618576103317], [-0.9409313938929934, -0.3385643136813252, 0.004724138871992087], [0.007768556892078513, -0.007637605132834692, 0.999940656494999]], "translation_vector": [-233.097, 932.476, 48.778], "yaw": -109.78663}