{"rotation_matrix": [[0.3123891821962284, -0.9498581515946706, -0.013508911722546478], [0.9499538089454784, 0.312344414718404, 0.005359800760773035], [-0.0008716173180822179, -0.014507185921933861, 0.9998943853427108]], "translation_vector": [105.992, 431.777, 49.469], "yaw": 71.79672}