{"rotation_matrix": [[0.32330671989106907, -0.9461632207303975, -0.01574562194258569], [0.9462942082752306, 0.32325860598741335, 0.005580774124501262], [-0.0001904154202418999, -0.016704292626605683, 0.9998604554385639]], "translation_vector": [135.688, 347.863, 49.08], "yaw": 71.13698}