{"rotation_matrix": [[0.3217601916433439, -0.9467494706488846, -0.011654136591585642], [0.9468199636936036, 0.3217155308871932, 0.005574364287931249], [-0.0015282096982091175, -0.012827977706099987, 0.9999165502996188]], "translation_vector": [136.669, 344.953, 49.077], "yaw": 71.23057}