{"rotation_matrix": [[0.33292797274579167, -0.9429410886271067, -0.004590026372937435], [0.9428772050751375, 0.3328361136660132, 0.014237190361925828], [-0.01189710523927269, -0.00906779016252831, 0.9998881107746477]], "translation_vector": [-0.127, 741.391, 50.567], "yaw": 70.55197999999999}