{"rotation_matrix": [[0.32244204235410406, -0.9465058541379587, -0.01256174371204882], [0.9465796664898228, 0.32235081386049297, 0.008768568383343741], [-0.004250212998158001, -0.014718046271528784, 0.999882650516259]], "translation_vector": [125.208, 138.986, 48.488]}