{"rotation_matrix": [[0.3277812508196444, -0.9447256886416627, -0.007268069320360219], [0.9446366040785243, 0.3276098532454073, 0.018261168952617236], [-0.014870704290742411, -0.012851353121710119, 0.9998068337818252]], "translation_vector": [-30.831, 831.788, 49.283], "yaw": 70.86364}