{"rotation_matrix": [[0.3175267714182231, -0.9482248135703869, -0.006815596974921431], [0.9482476730333501, 0.3175313677868227, 0.00042550941953821696], [0.0017606872397164647, -0.0065979846039964, 0.9999766830179638]], "translation_vector": [91.493, 475.565, 49.635], "yaw": 71.48655}