{"rotation_matrix": [[0.34238519492933955, -0.9394255030601525, -0.015877735776159505], [0.9395423323388608, 0.342227314440217, 0.011860480356654986], [-0.005708242851519245, -0.018978657782261994, 0.9998035939685014]], "translation_vector": [131.47, 121.716, 48.548], "yaw": 69.97739999999999}