{"rotation_matrix": [[0.313736934843251, -0.9492152668198147, -0.023654026112895032], [0.9494671413033409, 0.31338888735130077, 0.017307595730646594], [-0.009015725174576408, -0.027888752587764222, 0.9995703748004315]], "translation_vector": [-17.967, 793.942, 49.468], "yaw": 71.71465}