{"rotation_matrix": [[-0.20648433081641504, 0.9784480835460464, 0.0018891618157750737], [-0.9784342006904538, -0.20649157131233278, 0.005267437346218597], [0.005544009968409113, -0.0007607772556414706, 0.9999843424631395]], "translation_vector": [-236.773, 943.933, 48.728], "yaw": -101.91659}