{"rotation_matrix": [[0.3197074341689116, -0.9474970908219057, -0.006034850549648995], [0.947084267857421, 0.31936285894135613, 0.03222970533182796], [-0.028610244915134534, -0.01601958841010208, 0.9994622687590897]], "translation_vector": [-36.794, 849.176, 49.073], "yaw": 71.34684999999999}