{"rotation_matrix": [[0.324439648161359, -0.945846560558204, -0.010639482184263914], [0.9459053068009206, 0.3244358385553956, 0.0021300766919670634], [0.001437103611424611, -0.01075502399220759, 0.9999411303632515]], "translation_vector": [113.831, 408.447, 49.358], "yaw": 71.06835000000001}