{"rotation_matrix": [[-0.3263079555642399, 0.945174925141152, 0.012941368548337174], [-0.9451991189948062, -0.32641495210236604, 0.007204477458651119], [0.011033747637506234, -0.009881291840034294, 0.9998903022255211]], "translation_vector": [-174.491, 761.945, 50.849], "yaw": -109.04604}