{"rotation_matrix": [[0.3213399490507389, -0.9467798943318564, -0.018667319920851917], [0.9469529710362214, 0.3211790691244421, 0.011138949772306854], [-0.004550581253165164, -0.02125646361264619, 0.9997636995635232]], "translation_vector": [22.221, 677.374, 50.836], "yaw": 71.25582}