{"rotation_matrix": [[0.3347872418595046, -0.9422831074959265, -0.004477501080508583], [0.9422844010350205, 0.334758980904344, 0.006044193077451805], [-0.004196457336617501, -0.006242598153447089, 0.9999717094568809]], "translation_vector": [180.161, 218.31, 48.503]}