{"rotation_matrix": [[0.3270382895281369, -0.9447978812473434, -0.020072886514931602], [0.945011086625491, 0.32696580320221724, 0.006885469572755757], [5.7770398208878304e-05, -0.021220912488857758, 0.9997748094124603]], "translation_vector": [176.171, 229.803, 48.653], "yaw": 70.91089}