{"rotation_matrix": [[0.3131135826461876, -0.9496409665660973, -0.011912975357877288], [0.9497156860391085, 0.3130888514026404, 0.003935329546657627], [-7.3303828583105354e-06, -0.012546144698020789, 0.9999212940024238]], "translation_vector": [106.961, 428.815, 49.455], "yaw": 71.75303}