{"rotation_matrix": [[0.32334968837885164, -0.9462458339291198, -0.007987540114719227], [0.9462682812015134, 0.3233755064614459, -0.0021498401654129968], [0.004617252130113984, -0.00686320570783287, 0.9999657881098627]], "translation_vector": [70.427, 536.538, 49.989], "yaw": 71.13417000000001}