{"rotation_matrix": [[0.3132115818575793, -0.9494043023047722, -0.023021202302692553], [0.9496829437311904, 0.31309641016769646, 0.008540745058956755], [-0.0009007643051444225, -0.024537903441210474, 0.9996984945064069]], "translation_vector": [143.464, 324.702, 48.835], "yaw": 71.74710999999999}