{"rotation_matrix": [[0.3124403067115712, -0.9499171069195806, -0.006208439700385794], [0.9499371944707072, 0.3124378161925298, 0.0013919676592898517], [0.0006174974501133051, -0.006332534593426149, 0.9999797586464049]], "translation_vector": [96.331, 461.063, 49.561], "yaw": 71.79364000000001}