{"rotation_matrix": [[0.3183006582764751, -0.947849880480969, -0.0162878793271388], [0.9479896507039145, 0.31824347620566557, 0.006059043720259783], [-0.000559552528990152, -0.017369338638726455, 0.999848985085358]], "translation_vector": [31.188, 650.997, 50.737], "yaw": 71.43981}