{"rotation_matrix": [[-0.3209510032764953, 0.9468473412065956, 0.021692532028596747], [-0.9470684621934475, -0.3210315684033804, 0.00024496327134774143], [0.007195930401949855, -0.02046569174170028, 0.9997646593309768]], "translation_vector": [-208.814, 860.049, 49.877], "yaw": -108.72095}