{"rotation_matrix": [[-0.32306399325718343, 0.9461833450876065, 0.019150293458587108], [-0.9463686825433176, -0.3230804191278542, -0.0023150545123932784], [0.0039966188144252976, -0.01887114874610283, 0.9998139360816365]], "translation_vector": [-230.071, 923.839, 48.97], "yaw": -108.84848}