{"rotation_matrix": [[-0.319659792330517, 0.9473237301204198, 0.019883850682017028], [-0.9475002697990464, -0.3197513378443808, 0.0015233769930083658], [0.007801019032469163, -0.018352991512628945, 0.9998011361288766]], "translation_vector": [-209.792, 862.922, 49.843], "yaw": -108.64294}