{"rotation_matrix": [[0.12947548615702717, 0.9914044115596043, 0.0187987027359865], [-0.9915319043255075, 0.12963734180331457, -0.007657827028820259], [-0.010029017351376771, -0.0176480126451989, 0.9997939620044926]], "translation_vector": [-237.202, 949.776, 48.709], "yaw": -82.56034}