{"rotation_matrix": [[0.31999494054934574, -0.9473206388203534, -0.0136691363230518], [0.9474191920657885, 0.3199565052217331, 0.0049708421523771956], [-0.00033545227594200137, -0.014541046430452982, 0.9998942171252307]], "translation_vector": [137.647, 342.073, 49.07], "yaw": 71.33738}