{"rotation_matrix": [[0.33342213057177406, -0.9424686680742236, -0.02413488229468065], [0.9427083959137755, 0.3329781093983967, 0.020650882188073913], [-0.011426421953316123, -0.029637617310920482, 0.9994953969486184]], "translation_vector": [-66.548, 935.934, 48.147], "yaw": 70.52206000000001}