{"rotation_matrix": [[0.31091358269119546, -0.9502323426247383, -0.019779765621136557], [0.9503554392656813, 0.3105445746826903, 0.019662303865034918], [-0.012541258160932425, -0.024911085184088397, 0.9996110016794992]], "translation_vector": [-47.066, 880.961, 48.335], "yaw": 71.88423}