{"rotation_matrix": [[0.3263217024714056, -0.9448707262914813, -0.027082412993898176], [0.9452255683774088, 0.3259361423033294, 0.01772726786699975], [-0.00792283924915896, -0.031383781445715124, 0.9994760061554252]], "translation_vector": [-70.554, 947.393, 48.095], "yaw": 70.95371}