{"rotation_matrix": [[0.3163832092778068, -0.9486309343483639, -0.0010076132321990559], [0.9481052968715894, 0.3161721716744486, 0.03363783439370707], [-0.03159131100652558, -0.011597769441282258, 0.9994335799906244]], "translation_vector": [-38.733, 854.971, 48.952], "yaw": 71.54612}