{"rotation_matrix": [[0.3145134650853678, -0.9492013505930265, -0.009903348543276744], [0.9492510490353341, 0.31447448272342104, 0.005314660963274336], [-0.0019303329539073347, -0.01107229642898135, 0.9999368370384581]], "translation_vector": [107.929, 425.877, 49.448], "yaw": 71.66852}