{"rotation_matrix": [[-0.33125593025862077, 0.9432799978697387, 0.022189057829517432], [-0.943506857553173, -0.3313522431283351, 0.0007076185111326173], [0.00801987647238871, -0.020701125396620165, 0.9997535421235981]], "translation_vector": [-200.713, 836.809, 50.157], "yaw": -109.34567}