{"rotation_matrix": [[0.3321563128140316, -0.9432098868593684, -0.005224288327123261], [0.9432242114058207, 0.3321481110949767, 0.0023915087092953955], [-0.0005204571594481772, -0.005722029952449675, 0.9999834936125538]], "translation_vector": [117.891, 396.843, 49.304]}