{"rotation_matrix": [[0.3322816713468016, -0.9431723477640317, -0.0038488050432141617], [0.9431356764926188, 0.3322235692343322, 0.011072297503738863], [-0.009164421082999504, -0.007309066868311359, 0.9999312931035452]], "translation_vector": [0.916, 738.459, 50.585], "yaw": 70.59182999999999}