{"rotation_matrix": [[0.3230627556603499, -0.946352469367096, -0.006889094856412184], [0.9462959120287644, 0.32293072057295164, 0.01548536689533158], [-0.012429914834375921, -0.011521867601818617, 0.9998563615760898]], "translation_vector": [145.733, 81.312, 48.251], "yaw": 71.15024}