{"rotation_matrix": [[0.32285986461021904, -0.9462821047917156, -0.017654630407673975], [0.9464368250493873, 0.3227147372461982, 0.010608230509967835], [-0.00434096928189681, -0.02013396421666154, 0.9997878672351529]], "translation_vector": [171.165, 244.181, 48.708], "yaw": 71.16385}