{"rotation_matrix": [[0.32785061285642403, -0.9446840671776768, -0.009273018403404621], [0.9447129824324245, 0.32777088078111694, 0.009144973242412232], [-0.005599685107289574, -0.011758525954111589, 0.999915186700395]], "translation_vector": [80.527, 507.45, 49.774], "yaw": 70.86132}