{"rotation_matrix": [[-0.35485858906244316, -0.9344291704361637, -0.030290381420428305], [0.934854964007779, -0.35502973309034547, 0.00029136199508528394], [-0.011026243178263588, -0.028213721126094018, 0.9995410986555744]], "translation_vector": [185.378, 195.705, 48.622]}