{"rotation_matrix": [[-0.3212991626477976, 0.946699698435017, 0.02294622114579861], [-0.9469598696023291, -0.32134764073870037, -0.0016429103478329135], [0.005818371298221673, -0.022257016303155776, 0.9997353508707778]], "translation_vector": [-211.823, 868.798, 49.774], "yaw": -108.74184}