{"rotation_matrix": [[0.31775031019910766, -0.9479121110012223, -0.022301797810433243], [0.9481177213620305, 0.3173861767611512, 0.018406554273144755], [-0.010369513375361591, -0.026993418052293144, 0.9995818268527156]], "translation_vector": [-22.827, 808.538, 49.455], "yaw": 71.47203999999999}