{"rotation_matrix": [[0.32614315580083114, -0.9452398787663857, -0.01233748410265508], [0.9453148858071625, 0.32615802063134663, 0.0008439485964261352], [0.0032262355255217854, -0.011938055434221169, 0.9999235341948819]], "translation_vector": [77.508, 516.09, 49.821], "yaw": 70.96504999999999}