{"rotation_matrix": [[0.34147437547418286, -0.9398641220033576, -0.007119203984617596], [0.9398873263054444, 0.3414417939752148, 0.005414349212049071], [-0.002657958788218741, -0.00854011111430889, 0.9999600000786208]], "translation_vector": [181.202, 215.467, 48.499], "yaw": 70.0332}