{"rotation_matrix": [[0.3448812117129268, -0.9386122562083714, -0.00799889385190421], [0.9386455626963074, 0.344857443355999, 0.004225090826984056], [-0.0012072439503570927, -0.008965280664576096, 0.9999590823151964]], "translation_vector": [124.197, 379.506, 49.235]}