{"rotation_matrix": [[-0.3146970812782266, 0.9490894232509863, 0.013964730862968781], [-0.9491798340401426, -0.3145839757475693, -0.009724446224855533], [-0.004836288503865866, -0.01631529576693707, 0.9998552002352864]], "translation_vector": [-179.263, 776.189, 50.902], "yaw": -108.34275}