{"rotation_matrix": [[0.3476178944733984, -0.9376233027484085, -0.004933719190172281], [0.9376284475103919, 0.3475886655768854, 0.0059172613371647155], [-0.0038332572485347896, -0.006682941391807508, 0.9999703217762116]], "translation_vector": [128.475, 368.032, 49.218], "yaw": 69.65816000000001}