{"rotation_matrix": [[0.3320272135801755, -0.9432022574700806, -0.011288531593098552], [0.9432133218203068, 0.33185258842014415, 0.014916068501883874], [-0.010322741054922905, -0.01560003404465149, 0.9998250246692763]], "translation_vector": [138.662, 101.638, 48.675], "yaw": 70.60705999999999}