{"rotation_matrix": [[-0.31959089944861563, 0.947525646728496, 0.007536961016889446], [-0.9475155404468674, -0.31949411129368244, -0.011739397784421094], [-0.00871536581594045, -0.010893192388153197, 0.9999026856441026]], "translation_vector": [-175.446, 764.733, 50.824], "yaw": -108.63892}