{"rotation_matrix": [[0.32640265373072325, -0.9449924345957859, -0.021227486762945308], [0.9452161720863528, 0.3261902428965949, 0.012896257809261551], [-0.005262667001059607, -0.024273936553223425, 0.9996914925817095]], "translation_vector": [11.198, 709.304, 50.689], "yaw": 70.94915}