{"rotation_matrix": [[-0.07671254208897836, 0.9969741191454997, 0.012561514251945115], [-0.997052632209323, -0.07672044551504505, 0.00014779862449257677], [0.0011110763732172203, -0.012513152841234722, 0.9999210901442498]], "translation_vector": [-237.252, 946.836, 48.66], "yaw": -94.39963}