{"rotation_matrix": [[-0.32360298888168815, 0.9460246045580376, 0.017848057531467353], [-0.946178874911987, -0.3236434988346602, -0.0006498710222314225], [0.005161613810066193, -0.017097755199669884, 0.9998404995348047]], "translation_vector": [-206.799, 854.215, 49.947], "yaw": -108.88122}