{"rotation_matrix": [[-0.3276336756654056, 0.9447174745395926, 0.012847874124142773], [-0.944724508664099, -0.3277528464848871, 0.008583376400387513], [0.012319792991464152, -0.009325498409630312, 0.999880621764448]], "translation_vector": [-171.471, 753.33, 50.965], "yaw": -109.12672}