{"rotation_matrix": [[0.32232751816399535, -0.9464558090810536, -0.018065782323699296], [0.9466082782656676, 0.32213818047319603, 0.012639628172015813], [-0.006143171261447588, -0.021175319080160897, 0.9997569041065462]], "translation_vector": [19.223, 686.057, 50.787], "yaw": 71.19588999999999}