{"rotation_matrix": [[0.32687605538154424, -0.9450639445815336, -0.0024869801353345315], [0.9450668988842024, 0.3268726548342699, 0.0016805222382413449], [-0.0007752751760724629, -0.002899685084304514, 0.9999954953772608]], "translation_vector": [57.174, 574.822, 50.29], "yaw": 70.92071999999999}