{"rotation_matrix": [[0.3316723971000562, -0.9433840326091141, -0.004470796357312074], [0.9433632991197985, 0.3316190385079932, 0.009721068503186955], [-0.007688099616429087, -0.007441795294152569, 0.9999427547650355]], "translation_vector": [1.948, 735.573, 50.601], "yaw": 70.62908999999999}