{"rotation_matrix": [[0.3143076940772754, -0.9492843161027805, -0.008364248029692697], [0.9493186648865933, 0.31431488557447246, 0.0004745568904687761], [0.0021785182491488525, -0.008089493654279913, 0.9999649064595495]], "translation_vector": [93.433, 469.769, 49.605], "yaw": 71.68092999999999}