{"rotation_matrix": [[0.33277629130259984, -0.9430016046919157, -0.002813093556743316], [0.9428092621569311, 0.3326445530855827, 0.02140786055625649], [-0.019251886608599826, -0.009776239101245828, 0.9997668678302181]], "translation_vector": [-1.164, 744.299, 50.55], "yaw": 70.55887999999999}