{"rotation_matrix": [[-0.3207536010892861, 0.9467724245273517, 0.027186458814183426], [-0.9471297856009073, -0.32084949867373563, -0.0008766004744987881], [0.007892820524661868, -0.026030277666837506, 0.9996299955627346]], "translation_vector": [-219.785, 891.897, 49.379], "yaw": -108.70911}