{"rotation_matrix": [[0.32790108693730696, -0.9445360370982221, -0.018236003074105923], [0.9447067072184439, 0.3277731495406896, 0.009695348197055429], [-0.003180333601700731, -0.020406789629014162, 0.9997867014594758]], "translation_vector": [175.168, 232.666, 48.665]}