{"rotation_matrix": [[-0.3341374401337612, 0.9423401532482496, 0.018633482683668975], [-0.9425199037655285, -0.3341313560971154, -0.003530988320780008], [0.002898638762584819, -0.018742263704475962, 0.9998201465486459]], "translation_vector": [-194.557, 819.554, 50.397], "yaw": -109.52018}