{"rotation_matrix": [[0.3258150109962566, -0.9453681563745675, -0.01111879141185879], [0.9454158354236439, 0.32571440497577403, 0.009951106546061121], [-0.00578590872057336, -0.01375410136027354, 0.9998886677805927]], "translation_vector": [154.052, 293.114, 48.892]}