{"rotation_matrix": [[-0.3248613122776275, 0.9455821590328065, 0.018425751113967617], [-0.945737105415609, -0.3249316226260598, 0.0008763890124845194], [0.006815807022143168, -0.01714121163897075, 0.9998298473431292]], "translation_vector": [-205.788, 851.297, 49.977], "yaw": -108.95763}