{"rotation_matrix": [[-0.32970617632951643, 0.9438710064035023, 0.020033985150476854], [-0.9440614998270311, -0.3297694045432868, -0.00015611374869227638], [0.0064592441126102, -0.018964785735825447, 0.9997992873909682]], "translation_vector": [-201.744, 839.735, 50.12], "yaw": -109.25136}