{"rotation_matrix": [[0.327791047733268, -0.9446126414418399, -0.016124101655486358], [0.9447409717108958, 0.32766445966318103, 0.010024881265531084], [-0.004186334515874993, -0.018519165799399488, 0.999819741304109]], "translation_vector": [174.152, 235.552, 48.674]}