{"rotation_matrix": [[0.33623652642689544, -0.9417526759890837, -0.006848033569981338], [0.9417774712279166, 0.336224208994594, 0.0029113525225220966], [-0.0004392993585973523, -0.007428226797797917, 0.9999723138480956]], "translation_vector": [119.969, 391.011, 49.276]}