{"rotation_matrix": [[0.34294460028567225, -0.9391642254357588, -0.01896203566476593], [0.9392730347695191, 0.3425768870681276, 0.0201802527627668], [-0.012456616304531386, -0.024731237501643438, 0.9996165257746987]], "translation_vector": [-60.341, 918.612, 48.271], "yaw": 69.94200000000001}