{"rotation_matrix": [[0.31255053231299007, -0.9498817250456237, -0.006072328648600344], [0.9495301884610882, 0.3122434599186738, 0.029940656957821485], [-0.026544037973092474, -0.015123827636070885, 0.9995332330071459]], "translation_vector": [-40.626, 860.733, 48.854], "yaw": 71.78035}