{"rotation_matrix": [[0.33784420197197146, -0.9410683596364114, -0.015863091916630045], [0.9411811525490388, 0.3376764094057431, 0.01235639985221833], [-0.0062716250194577985, -0.019104581180404496, 0.999797820410475]], "translation_vector": [-54.062, 901.213, 48.278], "yaw": 70.25401}