{"rotation_matrix": [[0.8524886885317775, 0.522473343557404, 0.01687131285101429], [-0.5227277256457347, 0.8522827512231653, 0.019231141638231863], [-0.004331370061256187, -0.025213433709413494, 0.9996727074367757]], "translation_vector": [-230.753, 958.713, 48.942], "yaw": -31.515729999999998}