{"rotation_matrix": [[0.3239792847618864, -0.9460631662520349, -0.0013814870072278013], [0.9460634603901161, 0.3239768999796727, 0.0017021146378903204], [-0.0011627380856825938, -0.001858424261508362, 0.9999975971468172]], "translation_vector": [87.469, 487.37, 49.692], "yaw": 71.09624}