{"rotation_matrix": [[0.31752987723017334, -0.9481525765717228, -0.013471028416352783], [0.9482448555480076, 0.31745858144665745, 0.00719326022148894], [-0.002543814641272653, -0.015057908429761624, 0.9998833874011468]], "translation_vector": [36.214, 636.151, 50.693], "yaw": 71.48633000000001}