{"rotation_matrix": [[-0.06030624616116215, -0.9978268088401521, -0.02654837535195135], [0.9981252875992478, -0.06055988305203006, 0.008854988404466722], [-0.010443511328481148, -0.025964593672985214, 0.9996083097626433]], "translation_vector": [186.117, 198.386, 48.594]}