{"rotation_matrix": [[0.3268441652478039, -0.9450734452276909, -0.003012435713700188], [0.9450772146263123, 0.3268468578720311, -0.0004357675429190669], [0.001396437480669324, -0.002704556274737132, 0.9999953676581304]], "translation_vector": [58.183, 571.925, 50.265], "yaw": 70.92264}