{"rotation_matrix": [[0.3429184920823613, -0.939324947960212, -0.00869194612871537], [0.9393648804377603, 0.3429108745564727, 0.002398647758070276], [0.0007274531680712933, -0.008987449608206364, 0.9999593474543994]], "translation_vector": [123.111, 382.395, 49.242]}