{"rotation_matrix": [[0.32320125344686557, -0.946036842300239, -0.023563590154464235], [0.9462672941167061, 0.32279232630376653, 0.01957861497782659], [-0.010915945008207197, -0.02862528759672706, 0.9995306073625673]], "translation_vector": [-72.57, 953.219, 48.082], "yaw": 71.1422}