{"rotation_matrix": [[0.3174474811594379, -0.9481908054572874, -0.012700124085565178], [0.9482758216312874, 0.3174225384647758, 0.003987252698861505], [0.0002506292779625045, -0.013308963928058378, 0.9999114004071193]], "translation_vector": [35.218, 639.1, 50.699], "yaw": 71.49136999999999}