{"rotation_matrix": [[-0.3273532086418314, 0.9447067826252178, 0.019208634876191927], [-0.9448809616993983, -0.32741406142594665, 2.446603244564887e-05], [0.006312290386057418, -0.01814186436052501, 0.9998154968530976]], "translation_vector": [-203.788, 845.548, 50.042], "yaw": -109.1086}