{"rotation_matrix": [[0.3205541823978559, -0.9471285774930385, -0.013873494269850515], [0.9469978944893351, 0.32011685633530285, 0.02683628369892405], [-0.02097627183291117, -0.021740652842463803, 0.9995435658509213]], "translation_vector": [-11.071, 773.196, 49.654], "yaw": 71.29929000000001}