{"rotation_matrix": [[0.3160227343243751, -0.9487251442898219, -0.007087452462064946], [0.9487508644972439, 0.31602307636698285, 0.0011010537137619294], [0.0011952011872068803, -0.00707218465572829, 0.9999742775183357]], "translation_vector": [92.466, 472.658, 49.622], "yaw": 71.57741999999999}