{"rotation_matrix": [[0.3191018048891786, -0.9474840652790637, -0.021165636270323328], [0.9477201451738532, 0.3190044091280038, 0.007919178527091592], [-0.0007513641722866691, -0.02258612404004235, 0.9997446186165386]], "translation_vector": [39.22, 627.3, 50.635], "yaw": 71.39138}