{"rotation_matrix": [[0.32945938033867417, -0.944169667695329, 0.00039409510150034373], [0.9439883594923932, 0.3294042385027642, 0.019463422085392326], [-0.018506589359386188, -0.006040385791174123, 0.9998104919882451]], "translation_vector": [-4.254, 752.986, 50.424], "yaw": 70.76061000000001}