{"rotation_matrix": [[0.3147463533466554, -0.9488083692901285, -0.026408548237068032], [0.9491088394750218, 0.3142717852724258, 0.020631427775599755], [-0.011275809742977524, -0.03155825322620869, 0.9994383086353809]], "translation_vector": [-19.897, 799.747, 49.393], "yaw": 71.65329}