{"rotation_matrix": [[0.5735642469142618, 0.8188747299351397, 0.02163865373187177], [-0.8190454877358737, 0.5737263324219748, -0.001607639615807966], [-0.013731120900363648, -0.016800957094218166, 0.9997645643647998]], "translation_vector": [-234.988, 954.999, 48.794], "yaw": -54.99707}