{"rotation_matrix": [[0.3193826104615011, -0.9473535999783919, -0.0227135365537428], [0.9476254055125596, 0.3193138719292617, 0.006688947652655502], [0.0009159486633722291, -0.02366025784991031, 0.9997196373166438]], "translation_vector": [169.197, 249.986, 48.709]}