{"rotation_matrix": [[-0.3377451361141906, 0.9412270938015501, 0.0044475751927068805], [-0.9412063380683925, -0.3377686601500931, 0.006554494663797093], [0.007671519477500902, -0.0019723372680275826, 0.9999686283452134]], "translation_vector": [-234.104, 935.321, 48.759], "yaw": -109.74016}