{"rotation_matrix": [[0.3370297158692773, -0.9414610954805843, -0.007872503894723607], [0.9414852725335463, 0.33697878192820774, 0.007126158335014475], [-0.0040561340594817905, -0.00981357359373467, 0.9999436191855079]], "translation_vector": [157.087, 284.531, 48.901], "yaw": 70.30382}