{"rotation_matrix": [[0.3372462489446718, -0.9413702542457779, -0.009328021976169512], [0.9414133225645116, 0.3372029498086135, 0.005926781455100164], [-0.0024338592390028713, -0.010780308975587896, 0.9999389287689502]], "translation_vector": [160.207, 275.914, 48.878]}