{"rotation_matrix": [[0.32540491046897874, -0.9455358088685765, -0.008583611706196531], [0.9454706279996107, 0.3252209430644665, 0.01779409402810231], [-0.014033382795956792, -0.013905838324453664, 0.9998048268676224]], "translation_vector": [-32.835, 837.533, 49.224], "yaw": 71.00795}