{"rotation_matrix": [[0.3321068137421444, -0.9432416829959638, 0.0004378641140079182], [0.9429176561651783, 0.3320048239143107, 0.026059366638389335], [-0.024725653843872823, -0.008241623418314631, 0.9996603011450558]], "translation_vector": [-2.211, 747.228, 50.521], "yaw": 70.59712999999999}