{"rotation_matrix": [[0.31277141950124226, -0.9498061754288618, -0.00650140449256979], [0.9498272390799187, 0.31277452328786, 0.000559896303687997], [0.0015016807240224145, -0.006350330640997338, 0.9999787089012211]], "translation_vector": [95.338, 464.045, 49.573], "yaw": 71.77365}