{"rotation_matrix": [[0.3214068254784368, -0.9467830173263669, -0.017308109031719473], [0.9468214887107028, 0.3210218687545178, 0.021772190909629834], [-0.015057259097255499, -0.023385420324154402, 0.999613125696507]], "translation_vector": [-76.576, 964.927, 48.015], "yaw": 71.24977000000001}