{"rotation_matrix": [[0.3470633556725227, -0.9378357357114313, -0.0033406544159146723], [0.9378407632367662, 0.34705581689298665, 0.0026387065432811655], [-0.0013152797450722298, -0.004048800234677893, 0.9999909385868714]], "translation_vector": [127.408, 370.88, 49.219], "yaw": 69.69218000000001}