{"rotation_matrix": [[0.31230509030936915, -0.9499594017556398, -0.006531889690117104], [0.9499780006716526, 0.312276845700351, 0.004996987025074565], [-0.002707176896028116, -0.0077657359925658856, 0.9999661816970349]], "translation_vector": [97.317, 458.104, 49.559], "yaw": 71.80172999999999}