{"rotation_matrix": [[0.3270608490175557, -0.9450032743850051, 0.0001115416261693248], [0.9450026271844003, 0.32706075930952117, 0.0011376882089848752], [-0.001111599971669477, -0.00026668614177742343, 0.999999346611789]], "translation_vector": [56.173, 577.674, 50.307], "yaw": 70.90951000000001}