{"rotation_matrix": [[-0.3344458814453926, 0.9421287513650464, 0.02322430269250382], [-0.94239647442069, -0.3344920956206851, -0.001980648059637357], [0.005902320193624978, -0.022548920564433063, 0.9997283174931632]], "translation_vector": [-196.611, 825.276, 50.31], "yaw": -109.5392}