{"rotation_matrix": [[0.3478712447479791, -0.9375216420370471, -0.006226378534158362], [0.9375421213113381, 0.3478677966328186, 0.001663379951854986], [0.0006065018778849573, -0.006416134193342838, 0.9999792324730975]], "translation_vector": [182.274, 212.606, 48.489]}