{"rotation_matrix": [[0.3329521971483981, -0.9427581701450469, -0.018704733059231548], [0.942937947470797, 0.33281532008802284, 0.010099006598058008], [-0.0032956992603987525, -0.020999889034700535, 0.9997740459858494]], "translation_vector": [-51.996, 895.417, 48.28], "yaw": 70.55183}