{"rotation_matrix": [[-0.32057830000081255, 0.9471683124234462, 0.010086699634171511], [-0.9471682111060754, -0.32065541576710677, 0.007244598632154508], [0.010096209125516183, -0.007231340134778231, 0.9999228841671487]], "translation_vector": [-167.473, 741.73, 51.49], "yaw": -108.69889}