{"rotation_matrix": [[-0.3781182533979199, -0.9252737087118627, -0.029919064388808012], [0.9256918351998534, -0.3782783570174827, -0.00033295116979164977], [-0.011009663556805497, -0.02782172853632668, 0.999552269133344]], "translation_vector": [185.279, 195.493, 48.625], "yaw": -247.78141}