{"rotation_matrix": [[0.34044809840231904, -0.9400604737826266, -0.01952941181470845], [0.9401155312275067, 0.33995293024649825, 0.024795022920790416], [-0.016669740221968606, -0.026801321765970387, 0.9995017803448522]], "translation_vector": [-62.433, 924.406, 48.236], "yaw": 70.09294}