{"rotation_matrix": [[0.3215264596862422, -0.9467230450753359, -0.01833607495934823], [0.9468915749063255, 0.32137859033833754, 0.010589950120826246], [-0.004132927902811121, -0.020767224066460838, 0.9997757955219378]], "translation_vector": [21.225, 680.258, 50.817], "yaw": 71.24457000000001}