{"rotation_matrix": [[0.32614098593104357, -0.9452862472499498, -0.008122072151460918], [0.9453203695689197, 0.3261396497854521, 0.00152568538814826], [0.0012067203519628856, -0.008175548784595725, 0.9999658515309724]], "translation_vector": [52.129, 589.444, 50.353], "yaw": 70.96527}