{"rotation_matrix": [[0.3175335525136679, -0.9480970356383943, -0.0168657653766144], [0.9482470366054404, 0.31748286409785276, 0.005673497442035036], [-2.4434609525489164e-05, -0.01779443783640384, 0.9998416661577153]], "translation_vector": [33.206, 645.05, 50.716], "yaw": 71.48616999999999}