{"rotation_matrix": [[0.326149804333348, -0.9451396136881888, -0.018368880495559896], [0.9452603111654455, 0.32585344092813806, 0.017391928320269378], [-0.010452237498436118, -0.023035747711629306, 0.9996800013297467]], "translation_vector": [12.195, 706.425, 50.701], "yaw": 70.96367000000001}