{"rotation_matrix": [[0.3181702587164202, -0.9478805564554759, -0.01703341310436171], [0.9480295256899461, 0.31806492941132264, 0.008644020977889712], [-0.0027757680778622016, -0.018898448937094275, 0.9998175552266274]], "translation_vector": [152.094, 298.85, 48.872]}