{"rotation_matrix": [[-0.300805829386023, 0.9535767634232776, 0.014394765248984573], [-0.9536772550700708, -0.3008313946391464, -0.00040640064143825344], [0.003942863097039314, -0.013850207892040499, 0.9998963074098961]], "translation_vector": [-225.319, 909.314, 49.193], "yaw": -107.50615}