{"rotation_matrix": [[0.31220940534847563, -0.9498949334454235, -0.014996753870946027], [0.949974741761752, 0.31201558954733477, 0.013937786557470352], [-0.008560211834045319, -0.018598045438798304, 0.9997903957726403]], "translation_vector": [147.311, 313.196, 48.956]}