{"rotation_matrix": [[0.32738111697320904, -0.9448307457586147, -0.010791946932507743], [0.9448756807160692, 0.32728608186812735, 0.009683419166509008], [-0.005617138125316754, -0.013367216786956447, 0.999894877111915]], "translation_vector": [79.531, 510.338, 49.772], "yaw": 70.88979}