{"rotation_matrix": [[0.33005548846656746, -0.9439008179368716, -0.010706093181005178], [0.9439252288481392, 0.3299220987717673, 0.012512836849415048], [-0.008278700204950156, -0.014235681934385964, 0.9998643950470382]], "translation_vector": [4.019, 729.765, 50.618], "yaw": 70.72717}