{"rotation_matrix": [[0.32337020862596655, -0.9461840718940895, -0.012938711957504602], [0.9462344180144844, 0.3232042303733787, 0.013395955865180713], [-0.00849319362718209, -0.016574907621834143, 0.9998265540079133]], "translation_vector": [17.214, 691.87, 50.774], "yaw": 71.13243}