{"rotation_matrix": [[0.32119036975717347, -0.946775092006021, -0.02129956648011654], [0.9469021072399767, 0.32072422756273883, 0.022635572861676338], [-0.014599509571966023, -0.027438932400427583, 0.999516862943784]], "translation_vector": [-74.589, 959.113, 48.049], "yaw": 71.263}