{"rotation_matrix": [[0.3466058990536134, -0.9379976587198511, -0.004974231328992064], [0.9380061486423923, 0.3465825032948878, 0.005003350768757537], [-0.00296914976087881, -0.0064000504628499676, 0.9999751114421651]], "translation_vector": [126.337, 373.782, 49.227], "yaw": 69.72004999999999}