{"rotation_matrix": [[0.3125938879753423, -0.9497476400942029, -0.016262882153896856], [0.9498595073384769, 0.3126690132913259, -0.0022370619425134144], [0.007209543616978713, -0.014748161340352237, 0.9998652480299102]], "translation_vector": [148.272, 310.312, 48.896]}