{"rotation_matrix": [[0.33094712698817, -0.9436489639099164, 0.0007950157342709319], [0.9434538013852627, 0.3308955950534929, 0.02007560275290109], [-0.019207388942110642, -0.005893902436969405, 0.9997981486900694]], "translation_vector": [-3.237, 750.1, 50.473], "yaw": 70.67002}