{"rotation_matrix": [[0.34073728806400905, -0.9400079230235283, -0.01682870095333826], [0.940158550736263, 0.3406827067318903, 0.006098590929265744], [5.23598775598275e-07, -0.01789966443331424, 0.9998397881725354]], "translation_vector": [130.636, 362.266, 49.165]}