{"rotation_matrix": [[0.32874831449431613, -0.9443383641992594, -0.012231092290269788], [0.9444043439797175, 0.3286476006125206, 0.00954932897499251], [-0.004998078569377554, -0.014690422495628143, 0.9998795981004485]], "translation_vector": [126.211, 136.119, 48.503], "yaw": 70.80693}