{"rotation_matrix": [[-0.31785995528251776, 0.9480760409870241, 0.010810612108782388], [-0.9481279724603308, -0.31788762032625123, 0.0008992672436793181], [0.0042891334857077905, -0.009964002693892004, 0.9999411592610127]], "translation_vector": [-165.506, 735.901, 51.575], "yaw": -108.53372999999999}