{"rotation_matrix": [[0.3251906744546605, -0.9455993812377673, -0.00963511548837882], [0.9456451050861145, 0.3251998112718328, 0.0006465101975808269], [0.0025219980956067687, -0.009321638885717964, 0.9999533721999692]], "translation_vector": [50.109, 595.345, 50.387], "yaw": 71.02280999999999}