{"rotation_matrix": [[0.31018608903286987, -0.9506739740532196, 0.0018934699233248], [0.9504320224642037, 0.31015102215757356, 0.022029846327553552], [-0.021530463188140878, -0.005033737425638238, 0.9997555204360883]], "translation_vector": [-86.21, 993.822, 47.737], "yaw": 71.92522}