{"rotation_matrix": [[0.3210024638081312, -0.9468952806121799, -0.018621111231351913], [0.9470620738776899, 0.32081959073749716, 0.012174498819816337], [-0.005553958191982912, -0.02154339233746152, 0.9997524872662213]], "translation_vector": [23.204, 674.497, 50.84], "yaw": 71.27614}