{"rotation_matrix": [[0.34388666697986414, -0.9388928523328924, -0.014905438996742418], [0.938989773712043, 0.343728374156791, 0.012206951451343926], [-0.006337597153997938, -0.0181938626392175, 0.9998143918871036]], "translation_vector": [129.348, 127.509, 48.547]}