{"rotation_matrix": [[0.32425440824001334, -0.9459329520462015, -0.008362354338187937], [0.9457675495226531, 0.3239895354980195, 0.02354831538971464], [-0.01956581219460841, -0.015544488442409252, 0.9996877251783324]], "translation_vector": [-33.814, 840.391, 49.198], "yaw": 71.07583}