{"rotation_matrix": [[0.31094643297337576, -0.9503690868246577, -0.010531601454669448], [0.9504266630845118, 0.31091293423500144, 0.004722861783008122], [-0.0012140507294516165, -0.011478071852350127, 0.9999333877550938]], "translation_vector": [104.039, 437.699, 49.489], "yaw": 71.88371000000001}