{"rotation_matrix": [[0.306529880182993, -0.9517599746480307, -0.013870227574905483], [0.9514648303381003, 0.30594936632808295, 0.0333115876705767], [-0.027461048499465106, -0.023408030703675427, 0.9993487654036931]], "translation_vector": [-43.415, 869.426, 48.636], "yaw": 72.14281}