{"rotation_matrix": [[0.3184978898459478, -0.9477016855231718, -0.020508764473217922], [0.947923456358417, 0.3184338839562126, 0.006401752422089234], [0.00046373396563395607, -0.021479683542845046, 0.9997691774333256]], "translation_vector": [38.218, 630.254, 50.659], "yaw": 71.42788999999999}