{"rotation_matrix": [[0.32131834928071623, -0.9467123876101619, -0.022139863617060305], [0.9469707892075975, 0.32125303412263856, 0.0065431226901815345], [0.0009180430575940528, -0.023068229504346505, 0.9997334714735118]], "translation_vector": [167.229, 255.793, 48.723]}