{"rotation_matrix": [[-0.3185785863070642, 0.9477026146355987, 0.019168686951446533], [-0.9478792267688633, -0.31862956443692564, -0.0004148816661978591], [0.005714525934347104, -0.018301772580413572, 0.9998161777615726]], "translation_vector": [-229.083, 920.982, 48.992], "yaw": -108.57730000000001}