{"rotation_matrix": [[0.3308288769853475, -0.9436608960932983, -0.007507818391985928], [0.9436703278608476, 0.33075888848123547, 0.009212491826753514], [-0.006210190626234166, -0.01013266376876662, 0.999929378834993]], "translation_vector": [2.983, 732.672, 50.608], "yaw": 70.68052}