{"rotation_matrix": [[0.33577249330853187, -0.9418020942006609, -0.016298714569603308], [0.9419363426861842, 0.3356541932959098, 0.009601502478631287], [-0.003571983251227291, -0.018576272018936243, 0.9998210655179912]], "translation_vector": [-53.032, 898.301, 48.262], "yaw": 70.38034999999999}