{"rotation_matrix": [[0.3045192826977915, -0.9523822122668069, -0.015366464232393452], [0.9522354398558752, 0.30400849550220166, 0.028748943371463113], [-0.022708446615968866, -0.023387099441160127, 0.9994685437931596]], "translation_vector": [-44.321, 872.297, 48.537], "yaw": 72.26603}