{"rotation_matrix": [[0.31323737462008766, -0.9494236674849111, -0.021841400152370953], [0.9496742206756527, 0.31312754069209076, 0.008367666593199135], [-0.0011053167902223212, -0.023363280583517877, 0.9997264302773881]], "translation_vector": [144.411, 321.812, 48.837]}