{"rotation_matrix": [[0.7421313193095829, 0.6699864080468616, 0.018955683376822175], [-0.6702490783530715, 0.7419422916864634, 0.016964927759853806], [-0.002697752152483503, -0.02529523353327977, 0.9996763842833443]], "translation_vector": [-233.044, 957.077, 48.849], "yaw": -42.08648}