{"rotation_matrix": [[0.3220203391995662, -0.9466160181393196, -0.01486658480807486], [0.9467279011476956, 0.3220292458744985, 0.0018563377873873905], [0.003030236009855417, -0.014672389156546388, 0.9998877630345134]], "translation_vector": [44.162, 612.746, 50.495], "yaw": 71.21476000000001}