{"rotation_matrix": [[0.3229882722967771, -0.9464021529141813, -0.0012413372409269686], [0.9464018612668862, 0.32298561208521687, 0.0019522747018350865], [-0.0014467029123316458, -0.0018053657082676043, 0.9999973238490906]], "translation_vector": [65.29, 551.477, 50.111], "yaw": 71.15624}