{"rotation_matrix": [[-0.32755346115009626, 0.9446286389929373, 0.019633249423962832], [-0.9448080107982305, -0.32762425386853505, 0.0004135318325329635], [0.006822962705686536, -0.018414197550717912, 0.9998071636613133]], "translation_vector": [-231.077, 926.724, 48.921], "yaw": -109.12081}