{"rotation_matrix": [[0.31932318761713385, -0.9476231484476003, -0.006562802472280058], [0.9476452771687074, 0.3193230992755373, 0.0010894626699386363], [0.0010632543799782475, -0.0065670994604019916, 0.9999778711025562]], "translation_vector": [90.51, 478.491, 49.65], "yaw": 71.37799000000001}