{"rotation_matrix": [[0.32400393679947337, -0.9459943646185447, -0.010775483673529498], [0.9460557177249589, 0.323984925478314, 0.0035138330529721398], [0.00016702800863922286, -0.011332703683013614, 0.9999357689016216]], "translation_vector": [71.452, 533.59, 49.977], "yaw": 71.09476000000001}