{"rotation_matrix": [[0.33385639924534827, -0.9425945107092564, -0.007449366664913339], [0.9426093705029057, 0.3337968627100593, 0.008199334426504857], [-0.005242072399967935, -0.009759243090500625, 0.9999386370429207]], "translation_vector": [156.058, 287.4, 48.901]}