{"rotation_matrix": [[0.32847373423358406, -0.9444383331564947, -0.0118844765651055], [0.9445116987849616, 0.32842552755773474, 0.005858643765385012], [-0.0016299622666956005, -0.013149437744838182, 0.9999122139018024]], "translation_vector": [163.255, 267.286, 48.839]}