{"rotation_matrix": [[0.31340001928362193, -0.9494355394052871, -0.018777231617493808], [0.9495889815580392, 0.31316522744712993, 0.014432824448234106], [-0.007822660454831076, -0.022353899708529055, 0.9997195152397644]], "translation_vector": [149.232, 307.491, 48.903]}