{"rotation_matrix": [[-0.32246259743336114, 0.9463941455015689, 0.018867819611325585], [-0.9465696436483843, -0.3224969462995044, -0.001276460287433373], [0.004876779664990209, -0.018271315985720755, 0.9998211720264024]], "translation_vector": [-207.813, 857.145, 49.917], "yaw": -108.81215}