{"rotation_matrix": [[0.32655470647570345, -0.945168679871926, -0.004265005009110076], [0.9451773963989272, 0.3265448203376782, 0.0028582594666631237], [-0.0013088220323982727, -0.004964564411306621, 0.9999868199556899]], "translation_vector": [53.126, 586.508, 50.343], "yaw": 70.94019}