{"rotation_matrix": [[0.326871862918951, -0.9449370417046792, -0.015772521875206703], [0.944994446379741, 0.32700982849364374, -0.007075901356330435], [0.011844050968368595, -0.012592032519298852, 0.9998505684219475]], "translation_vector": [78.531, 513.194, 49.767], "yaw": 70.91959}