{"rotation_matrix": [[0.3218046786600608, -0.9467371891068671, -0.011421188840183377], [0.9468055009093926, 0.32176775324209117, 0.0049856214508229085], [-0.0010451029658435306, -0.012418040729713357, 0.9999223469971186]], "translation_vector": [184.424, 206.944, 48.499], "yaw": 71.22789}