{"rotation_matrix": [[0.3154097705783507, -0.9486964982922604, -0.022172747951375665], [0.9489535260158981, 0.31537149452090596, 0.005293949909523281], [0.001970300917761333, -0.022710670876335735, 0.9997401379071665]], "translation_vector": [140.578, 333.396, 48.994], "yaw": 71.61440999999999}