{"rotation_matrix": [[0.32360500925031427, -0.9461910881068957, 0.0014908974453582335], [0.9461912542640174, 0.32360656311291847, 0.0009500865910000392], [-0.0013814276635803065, 0.0011032213437333592, 0.9999984372789175]], "translation_vector": [64.262, 554.44, 50.125], "yaw": 71.1189}