{"rotation_matrix": [[0.32519261781223113, -0.9455902306554441, -0.010434414665529922], [0.9456378754476836, 0.325219960243405, -0.0009929642839522285], [0.004332417248981849, -0.009544273060959396, 0.9999450669974419]], "translation_vector": [74.472, 524.779, 49.906], "yaw": 71.02257}