{"rotation_matrix": [[-0.3270752250982223, 0.944861287854284, 0.01609173207864781], [-0.944994003149632, -0.32707769550995563, -0.0025524715728107313], [0.002851515067550356, -0.016041440528846627, 0.9998672617140633]], "translation_vector": [-184.224, 790.678, 50.732], "yaw": -109.09143}