{"rotation_matrix": [[0.34309792193277183, -0.9391980823117695, -0.013812246280325383], [0.9392782264315914, 0.3429537092073322, 0.011796893339209717], [-0.006342658507099485, -0.017021031779165783, 0.9998350139699224]], "translation_vector": [128.294, 130.374, 48.546]}