{"rotation_matrix": [[0.3278537336595935, -0.9446394776715226, -0.012968675720260083], [0.9446176461109382, 0.3275740942289218, 0.019817049375011945], [-0.01447176496818925, -0.018747533559762337, 0.9997195096646514]], "translation_vector": [-28.798, 826.01, 49.332], "yaw": 70.85936000000001}