{"rotation_matrix": [[0.31850296089358465, -0.947617455069617, -0.02402129782926085], [0.9479133417425192, 0.31829034750498264, 0.012310614594221569], [-0.004020006038523006, -0.026691075897006318, 0.9996356466327672]], "translation_vector": [-12.034, 776.129, 49.611], "yaw": 71.42742999999999}