{"rotation_matrix": [[0.3042698753321686, -0.9524455025573698, -0.01635260296056729], [0.9524197374001627, 0.303851386714633, 0.023895158551466098], [-0.017790075209276973, -0.02284511873100961, 0.9995807189888241]], "translation_vector": [-45.232, 875.178, 48.451], "yaw": 72.28286}