{"rotation_matrix": [[0.33692139621788564, -0.9412958875507041, -0.021119300431660205], [0.9414296753062554, 0.33646779653338704, 0.022351473077314176], [-0.013933385207808797, -0.027413025664808296, 0.9995270815743571]], "translation_vector": [-64.503, 930.182, 48.189], "yaw": 70.30859000000001}