{"rotation_matrix": [[-0.3321352595094131, 0.9429725026569804, 0.02211399157651104], [-0.9432054107431846, -0.33220995654989893, -0.0003129119598924268], [0.0070514208068465, -0.02096196560309689, 0.9997554068184173]], "translation_vector": [-199.669, 833.868, 50.2], "yaw": -109.39893000000001}