{"rotation_matrix": [[0.32817401626973586, -0.944576286132295, -0.008800836432500393], [0.9446116012948064, 0.3281254783635589, 0.00652634261645208], [-0.003276849806261603, -0.010455148263231283, 0.9999399742635261]], "translation_vector": [81.528, 504.559, 49.767], "yaw": 70.84191000000001}