{"rotation_matrix": [[0.31018697562464204, -0.9506440663364638, -0.007739463296032786], [0.9506743813410149, 0.310163432575763, 0.004106793724878751], [-0.0015036005840321507, -0.008631583405901859, 0.999961616739958]], "translation_vector": [102.144, 443.457, 49.508], "yaw": 71.92948000000001}