{"rotation_matrix": [[0.32438396785274237, -0.9456891808208857, -0.021142721642049212], [0.9459011246509262, 0.324134133284905, 0.014426573527917694], [-0.006789976746939135, -0.024678673342901105, 0.999672375980156]], "translation_vector": [-49.964, 889.619, 48.291], "yaw": 71.07129}