{"rotation_matrix": [[0.27704608224415833, -0.9608164488762113, -0.008787484399415013], [0.9608386463947062, 0.27697335265230644, 0.008652023747653064], [-0.00587910771732685, -0.01084036389831922, 0.9999239584103383]], "translation_vector": [185.348, 204.092, 48.534]}