{"rotation_matrix": [[-0.3341807989571988, 0.9422394708924392, 0.022538258598762913], [-0.9425001340386792, -0.3341857536528608, -0.0036577851961795125], [0.004085455347964273, -0.022464673329605542, 0.9997392897684846]], "translation_vector": [-197.627, 828.119, 50.28], "yaw": -109.52289999999999}