{"rotation_matrix": [[0.3219864580543124, -0.9465557435368459, -0.018892993596759913], [0.9467399415191421, 0.3218604921267487, 0.009450224349635944], [-0.0028642559190589973, -0.020929595919075904, 0.9997768491281914]], "translation_vector": [20.227, 683.15, 50.799], "yaw": 71.21682000000001}