{"rotation_matrix": [[-0.0993862453685047, -0.9949048536265213, 0.016932408627879432], [0.9949433755284731, -0.0996091669632198, -0.012872192855179859], [0.014493230266538976, 0.015567468878514186, 0.9997737745055916]], "translation_vector": [119.059, 162.661, 48.169]}