{"rotation_matrix": [[0.3299775757399222, -0.9439536215758892, -0.008146153851158614], [0.9439667911717847, 0.32989871837689344, 0.009671234570995406], [-0.006441791183202833, -0.010880989249419064, 0.999920050503692]], "translation_vector": [155.049, 290.258, 48.901]}