{"rotation_matrix": [[0.3399166635285124, -0.9402572320195554, -0.01931319472713314], [0.9404482104509909, 0.33976113142227093, 0.010933299327613166], [-0.003718240870753429, -0.02187947004802467, 0.9997537014061236]], "translation_vector": [-55.073, 904.112, 48.314], "yaw": 70.12806}