{"rotation_matrix": [[0.2284326073139853, -0.9735561754293314, -0.0026300568715250687], [0.9735085652296342, 0.22839207377506043, 0.010868949409504324], [-0.009980848675017962, -0.005043205343847584, 0.9999374724149437]], "translation_vector": [120.605, 153.559, 48.364]}