{"rotation_matrix": [[0.32801473998417463, -0.9446218424402255, -0.00979311686586082], [0.9446722061181951, 0.328006500282109, 0.002481685005217955], [0.0008679521280394375, -0.010065314576155237, 0.9999489667485969]], "translation_vector": [115.869, 402.607, 49.329]}