{"rotation_matrix": [[0.3271098194748955, -0.9447741184054533, -0.020025763263848962], [0.9449861639026282, 0.3270489103808931, 0.0063372116317455054], [0.0005621705224563773, -0.020997033358761286, 0.999779379940612]], "translation_vector": [177.178, 226.9, 48.604], "yaw": 70.90655000000001}