{"rotation_matrix": [[0.31070603194767416, -0.9504572689743463, -0.009630242216996201], [0.9505051790653818, 0.31067603836861213, 0.004505968649613957], [-0.0012908451562895643, -0.010553626742111147, 0.9999434757431895]], "translation_vector": [100.238, 449.279, 49.528], "yaw": 71.8982}