{"rotation_matrix": [[0.3227928521515161, -0.9464631628230055, -0.003500859746192087], [0.9464695891123379, 0.3227894454502861, 0.0015135360646880388], [-0.00030246555475875285, -0.003802015908673182, 0.9999927265683578]], "translation_vector": [66.319, 548.492, 50.093], "yaw": 71.16809}