{"rotation_matrix": [[0.33070141110212964, -0.9436871784561157, -0.009543893995406104], [0.9437287780120167, 0.33064417412388253, 0.007100962602444493], [-0.003545454414586307, -0.01135514577057267, 0.9999292427054642]], "translation_vector": [162.243, 270.16, 48.857]}