{"rotation_matrix": [[0.32101654345878355, -0.9469414198549444, -0.015821699936381328], [0.94707099130111, 0.3210099763848638, 0.003022002204138826], [0.0022172644649541794, -0.015954385744714843, 0.9998702622409577]], "translation_vector": [43.176, 615.632, 50.524], "yaw": 71.27554}