{"rotation_matrix": [[0.3317397420591733, -0.9430440219905689, -0.02483376987821923], [0.9433049139106069, 0.33129010170019996, 0.020559861565039132], [-0.011161672393309207, -0.03024634032940781, 0.9994801528625078]], "translation_vector": [-67.563, 938.813, 48.132], "yaw": 70.62433999999999}