{"rotation_matrix": [[0.3185658593374349, -0.9477405169021161, -0.017427159456192307], [0.9478999785548461, 0.31848861915499777, 0.007115484836966081], [-0.0011932813263987529, -0.018785954616487157, 0.9998228162973795]], "translation_vector": [30.186, 653.971, 50.757], "yaw": 71.42376999999999}