{"rotation_matrix": [[0.32620833174872305, -0.9452916486082302, 0.0034385126507415673], [0.9452886719662847, 0.3261869136904701, -0.005605710419166057], [0.004177433414522786, 0.00507901650126136, 0.9999783760869269]], "translation_vector": [60.215, 566.049, 50.202], "yaw": 70.96103}