{"rotation_matrix": [[0.31395591986846705, -0.9494368970638871, 0.0011219952061014048], [0.9493155584708511, 0.31393430187517446, 0.015659647228553144], [-0.015220079655527335, -0.003851311444774321, 0.9998767506925216]], "translation_vector": [-84.385, 988.12, 47.903], "yaw": 71.70000999999999}