{"rotation_matrix": [[0.32272150255661186, -0.9464490273543295, -0.009223362057657038], [0.9464939638716743, 0.32270710684737713, 0.003049515483041626], [9.023352220565861e-05, -0.009714000732932257, 0.9999528139105724]], "translation_vector": [112.809, 411.419, 49.378], "yaw": 71.17241000000001}