{"rotation_matrix": [[0.32196359826366117, -0.946506838101929, -0.02154638761844871], [0.9466450849890677, 0.32150175302379286, 0.022354101830957308], [-0.014231108851966538, -0.027593988999721087, 0.9995179074493497]], "translation_vector": [-73.59, 956.185, 48.069], "yaw": 71.21631}