{"rotation_matrix": [[0.32251715834400735, -0.946540446702044, -0.0066230907287861], [0.9464889675062833, 0.3223959552742939, 0.014814938800595777], [-0.011887681127804056, -0.01104675426859772, 0.9998683174586206]], "translation_vector": [146.102, 80.233, 48.25], "yaw": 71.1834}