{"rotation_matrix": [[0.31306885943271756, -0.9495181552437342, -0.020078897281301397], [0.9497076788454221, 0.3128450513189822, 0.01353878160190155], [-0.006573735280488062, -0.023307653845016384, 0.9997067266337178]], "translation_vector": [-15.025, 784.953, 49.499], "yaw": 71.75532000000001}