{"rotation_matrix": [[0.3382744058107662, -0.9410206537918093, -0.007110239841862701], [0.9410473283717866, 0.3382694472027938, 0.0019253190486678308], [0.0005934119108509493, -0.007342358364451789, 0.9999728684499154]], "translation_vector": [121.0, 388.148, 49.264], "yaw": 70.22822}