{"rotation_matrix": [[-0.3252379920194936, 0.9454113354624657, 0.020436617288705234], [-0.9455991548691924, -0.3253313277294541, 0.001328724373039707], [0.007904862920810189, -0.01889269638955, 0.9997902675888256]], "translation_vector": [-216.771, 883.246, 49.528], "yaw": -108.98061}