{"rotation_matrix": [[0.324123152269902, -0.9460087999049283, 0.0033959777766115378], [0.9460148901597797, 0.32412143695000856, -0.0010591059632892499], [-9.878563550221078e-05, 0.00355592630673538, 0.999993672794733]], "translation_vector": [63.237, 557.379, 50.137], "yaw": 71.08753999999999}