{"rotation_matrix": [[0.19747324950782336, -0.98030652036495, 0.0018552247262597678], [0.9802862064952932, 0.19748114895793875, 0.006336336585109732], [-0.006577923980127008, 0.0005673942336645329, 0.9999782042524203]], "translation_vector": [119.903, 156.525, 48.309], "yaw": 78.61051}