{"rotation_matrix": [[0.3241337378611608, -0.9459289203092835, -0.012481894994973495], [0.9460102467552267, 0.32408578150388834, 0.005746238868070153], [-0.001390328834217381, -0.01367055044711837, 0.9999055870612013]], "translation_vector": [72.467, 530.647, 49.967], "yaw": 71.08688000000001}