{"rotation_matrix": [[-0.3202414860514242, 0.9471155646649695, 0.020432762440054653], [-0.9472830572892886, -0.3203770187449244, 0.0036572165334759865], [0.010009994217473147, -0.018184417215588528, 0.9997845402817027]], "translation_vector": [-210.809, 865.883, 49.8], "yaw": -108.6785}