{"rotation_matrix": [[0.3459099251973257, -0.9382408140469967, -0.007106230112335559], [0.938264237167153, 0.34591936902471165, -0.00010670841517881401], [0.002558300826926558, -0.006630610075572347, 0.9999747447345381]], "translation_vector": [183.366, 209.768, 48.482], "yaw": 69.76258000000001}