{"rotation_matrix": [[0.3239967354226975, -0.9458827098806198, -0.01822126736343206], [0.9459442028068423, 0.3235986184101944, 0.02176003996184102], [-0.01468606862172738, -0.024286484140536007, 0.9995971618989968]], "translation_vector": [-26.798, 820.201, 49.354], "yaw": 71.09307999999999}