{"rotation_matrix": [[0.316146505962979, -0.9485134864267577, -0.019327514945205723], [0.9487027175986689, 0.31599645649696945, 0.010459115749401886], [-0.0038131861088289655, -0.021642678852581327, 0.9997584978702524]], "translation_vector": [151.135, 301.749, 48.879]}