{"rotation_matrix": [[0.3239213038987561, -0.9460350438695527, -0.009627286806938074], [0.9460837763724993, 0.32391187447744185, 0.0025662535456653784], [0.0006906267301133157, -0.009939484053175851, 0.9999503636138528]], "translation_vector": [48.081, 601.262, 50.422], "yaw": 71.09976}