{"rotation_matrix": [[0.3288392005605795, -0.9441753822541888, -0.019940604801140238], [0.9443755692047865, 0.32866338700746695, 0.011625933507267464], [-0.0044231735003659334, -0.022654482689664798, 0.9997335694825142]], "translation_vector": [-50.976, 892.536, 48.302], "yaw": 70.80147}