{"rotation_matrix": [[0.31619926556129535, -0.948594194164745, -0.013677691889921732], [0.9486799670321612, 0.3160871419367974, 0.009759039608721458], [-0.004934025775679487, -0.01606155344806832, 0.9998588309808939]], "translation_vector": [124.217, 141.882, 48.474]}