{"rotation_matrix": [[0.32419296663048797, -0.9459656648282815, -0.00691963534521538], [0.9456437518716588, 0.3238671367856035, 0.029461368881769284], [-0.025628400914138757, -0.01609467850820914, 0.9995419682986311]], "translation_vector": [-8.231, 764.524, 50.107], "yaw": 71.07686000000001}