{"rotation_matrix": [[0.3406100895802342, -0.9401752440470478, -0.007434874391610847], [0.9402045576289841, 0.3405960804363138, 0.0031144510120577], [-0.00039584066401494536, -0.008051116226601762, 0.9999675108910662]], "translation_vector": [122.031, 385.318, 49.255]}