{"rotation_matrix": [[-0.32261418229814465, 0.9462266511358699, 0.023983620666948487], [-0.9465231660990369, -0.3226081946082563, -0.004224785137301427], [0.00373970827129619, -0.024064028170654235, 0.9997034245866357]], "translation_vector": [-218.792, 889.013, 49.427], "yaw": -108.82123}