{"rotation_matrix": [[0.3138470750677425, -0.9492866912465818, -0.0188359043727506], [0.9494427823362044, 0.31361544997819285, 0.014274193660670537], [-0.00764307144474448, -0.022363527384834967, 0.9997206890435939]], "translation_vector": [-14.059, 782.064, 49.54], "yaw": 71.70822000000001}