{"rotation_matrix": [[0.31490988053454244, -0.9489247066084964, -0.01933050257233826], [0.9490923944273055, 0.3146751710078903, 0.014253546625278129], [-0.007442713346903568, -0.022835015636823573, 0.9997115424355677]], "translation_vector": [150.192, 304.617, 48.888], "yaw": 71.64410000000001}