{"rotation_matrix": [[0.25841157078950167, -0.9660203636383422, -0.005302557698627268], [0.9660093348016833, 0.2583608889164819, 0.00869575495828624], [-0.007030302846365316, -0.007369403933169817, 0.9999481320186353]], "translation_vector": [121.386, 150.601, 48.421]}