{"rotation_matrix": [[-0.32285065856125644, 0.9462424637991244, 0.0198154477599154], [-0.9464411916091728, -0.3228668340086613, -0.0024654254466037213], [0.004064860633800543, -0.019550120219233337, 0.999800614976527]], "translation_vector": [-213.771, 874.541, 49.676], "yaw": -108.83557}