{"rotation_matrix": [[0.3127885920178582, -0.9495862779765877, -0.021194277106250686], [0.9497940140044636, 0.3125276080703769, 0.014758900877012246], [-0.007391053022030179, -0.024746613351720546, 0.999666433097984]], "translation_vector": [-16.009, 787.948, 49.485], "yaw": 71.77212}