{"rotation_matrix": [[0.3228538635838445, -0.9464137168817469, -0.008152255335856751], [0.9462527660863119, 0.32259969291151946, 0.023133110629503788], [-0.019263578146021643, -0.015182708304844144, 0.9996991547088264]], "translation_vector": [-34.823, 843.337, 49.156], "yaw": 71.16077000000001}