{"rotation_matrix": [[0.31319496616164383, -0.9494201751597107, -0.02258858496477929], [0.9496487228282678, 0.31287448002169965, 0.016639200154777715], [-0.008730200550185242, -0.02666253459173289, 0.9996063689510477]], "translation_vector": [-16.991, 790.968, 49.484], "yaw": 71.7474}