{"rotation_matrix": [[0.3207856804366434, -0.9469841735931412, -0.017819152362414253], [0.9471439816333533, 0.32064977485622614, 0.010099501986212438], [-0.003850361348978754, -0.0201170785345868, 0.9997902169298896]], "translation_vector": [24.179, 671.623, 50.836], "yaw": 71.28941}