{"rotation_matrix": [[0.32449588277056196, -0.9458679556222435, -0.006019351456043928], [0.9456820092396132, 0.3242864375149277, 0.02288763518595062], [-0.019696686662532062, -0.013119335763466633, 0.9997199225601355]], "translation_vector": [144.738, 84.216, 48.255]}