{"rotation_matrix": [[0.3261016861669412, -0.9452722468920337, -0.01086598061676339], [0.9453332883699879, 0.32609950350927425, 0.0020218087422397904], [0.0016322311917049757, -0.010931288427760942, 0.9999389195119099]], "translation_vector": [114.853, 405.512, 49.341], "yaw": 70.96763999999999}