{"rotation_matrix": [[0.32281985939109703, -0.9464334606974064, -0.007144428251651057], [0.9464476687679539, 0.32284550381827437, -0.002755167513945438], [0.00491412926342225, -0.005872404674004268, 0.9999706826687106]], "translation_vector": [68.382, 542.487, 50.046], "yaw": 71.16622000000001}